"","ensembl_gene_id","hgnc_symbol","description","chromosome_name","band","occurences","median_log2FC","sd_log2FC","mean_log2FC","chr_band","Blood","Brain","Endothelia","Fibroblasts","Heart","Liver","Muscle","placenta","Undifferentiated","tissue","entropy"
"ENSG00000142168","ENSG00000142168","SOD1","superoxide dismutase 1 ","21","q22.11",24,0.708492034103468,0.998651522142286,0.557194314149814,"21q22.11",1,1,0,1,0,1,0,1,0,"entropic gene",5
"ENSG00000159131","ENSG00000159131","GART","phosphoribosylglycinamide formyltransferase, phosphoribosylglycinamide synthetase, phosphoribosylaminoimidazole synthetase ","21","q22.11",22,0.811363422927056,0.874016344351023,0.659434534791509,"21q22.11",1,1,0,1,0,0,0,0,1,"entropic gene",4
"ENSG00000205758","ENSG00000205758","CRYZL1","crystallin zeta like 1 ","21","q22.11",18,0.73824006341572,0.861542828747327,0.823137800346516,"21q22.11",1,1,0,1,0,0,0,1,1,"entropic gene",5
"ENSG00000183255","ENSG00000183255","PTTG1IP","PTTG1 interacting protein ","21","q22.3",17,0.934795913509367,0.604243464045287,0.972872427837337,"21q22.3",1,1,1,0,0,0,0,1,0,"entropic gene",4
"ENSG00000159140","ENSG00000159140","SON","SON DNA binding protein ","21","q22.11",16,0.769831934006735,1.00286171089741,0.4424970730047,"21q22.11",1,1,0,0,0,1,0,1,1,"entropic gene",5
"ENSG00000142188","ENSG00000142188","TMEM50B","transmembrane protein 50B ","21","q22.11",15,0.728728186417385,0.692521816934446,0.81678179370179,"21q22.11",1,1,0,1,1,0,0,1,0,"entropic gene",5
"ENSG00000262473","ENSG00000262473","GART","phosphoribosylglycinamide formyltransferase, phosphoribosylglycinamide synthetase, phosphoribosylaminoimidazole synthetase ","21","",14,0.869485110150092,0.72003635038022,0.762433770526845,"21",1,1,0,0,0,0,0,0,1,"entropic gene",3
"ENSG00000155313","ENSG00000155313","USP25","ubiquitin specific peptidase 25 ","21","q21.1",13,0.647480380302857,1.08653433734059,0.450438561111407,"21q21.1",1,1,1,1,0,0,0,1,1,"entropic gene",6
"ENSG00000241837","ENSG00000241837","ATP5PO","ATP synthase peripheral stalk subunit OSCP ","21","q22.11",13,0.697374864943785,0.278719121482136,0.809668746965814,"21q22.11",1,1,0,1,0,1,0,0,1,"entropic gene",5
"ENSG00000105855","ENSG00000105855","ITGB8","integrin subunit beta 8 ","7","p21.1",12,-0.808632226812072,0.911664578881004,-0.45874898646161,"7p21.1",0,1,0,0,0,0,0,0,0,"brain",1
"ENSG00000159079","ENSG00000159079","CFAP298","cilia and flagella associated protein 298 ","21","q22.11",12,0.809200580788477,0.300574830702447,0.8977751667588,"21q22.11",1,1,0,0,0,0,0,0,0,"entropic gene",2
"ENSG00000159256","ENSG00000159256","MORC3","MORC family CW-type zinc finger 3 ","21","q22.12",12,0.663047625957838,0.69006776460086,0.633061703516393,"21q22.12",1,1,0,1,0,0,0,0,0,"entropic gene",3
"ENSG00000105877","ENSG00000105877","DNAH11","dynein axonemal heavy chain 11 ","7","p15.3",11,3.15617895793367,1.04877666972302,3.11070934549396,"7p15.3",0,1,0,0,0,0,0,0,0,"brain",1
"ENSG00000154719","ENSG00000154719","MRPL39","mitochondrial ribosomal protein L39 ","21","q21.3",11,0.69008750203565,0.107573661040904,0.728228423467194,"21q21.3",1,1,0,1,0,0,0,0,1,"entropic gene",4
"ENSG00000156256","ENSG00000156256","USP16","ubiquitin specific peptidase 16 ","21","q21.3",11,0.675016882904245,1.48853735553731,0.233753385715843,"21q21.3",1,1,1,1,0,0,0,1,0,"blood",5
"ENSG00000157617","ENSG00000157617","C2CD2","C2 calcium dependent domain containing 2 ","21","q22.3",11,0.654963202609331,0.200334060998486,0.733477128808273,"21q22.3",1,1,0,1,1,0,0,0,0,"brain",4
"ENSG00000159110","ENSG00000159110","IFNAR2","interferon alpha and beta receptor subunit 2 ","21","q22.11",11,0.715222666123388,0.303746089165764,0.794705371959404,"21q22.11",1,1,1,1,0,1,0,0,0,"brain",5
"ENSG00000160310","ENSG00000160310","PRMT2","protein arginine methyltransferase 2 ","21","q22.3",11,0.888130214571602,0.710887781555355,1.18352215459657,"21q22.3",1,1,1,1,0,0,0,1,1,"others",6
"ENSG00000183527","ENSG00000183527","PSMG1","proteasome assembly chaperone 1 ","21","q22.2",11,0.655859900178104,0.83381799114147,0.521044966344831,"21q22.2",1,1,1,1,0,1,0,0,0,"blood",5
"ENSG00000198862","ENSG00000198862","LTN1","listerin E3 ubiquitin protein ligase 1 ","21","q21.3",11,0.702675892923927,0.859050366765385,0.898193810679308,"21q21.3",1,1,0,1,0,0,1,1,1,"blood",6
"ENSG00000205581","ENSG00000205581","HMGN1","high mobility group nucleosome binding domain 1 ","21","q22.2",11,0.681037282254426,0.695804014615897,0.611845846112676,"21q22.2",1,1,0,1,0,1,0,0,0,"blood",4
"ENSG00000124440","ENSG00000124440","HIF3A","hypoxia inducible factor 3 subunit alpha ","19","q13.32",10,0.730654041466003,0.718318289925895,0.646825327515863,"19q13.32",1,1,0,0,0,0,0,1,0,"brain",3
"ENSG00000141959","ENSG00000141959","PFKL","phosphofructokinase, liver type ","21","q22.3",10,0.660544538996751,0.0900707324205812,0.694510792905166,"21q22.3",1,1,0,1,0,0,0,1,1,"others",5
"ENSG00000157538","ENSG00000157538","VPS26C","VPS26 endosomal protein sorting factor C ","21","q22.13",10,0.649287529732273,0.0777001242169271,0.674921586454806,"21q22.13",1,1,0,1,1,0,0,0,0,"brain",4
"ENSG00000159086","ENSG00000159086","PAXBP1","PAX3 and PAX7 binding protein 1 ","21","q22.11",10,0.75096759747843,0.814261521057134,0.959957811409971,"21q22.11",1,1,0,0,0,0,0,0,1,"blood",3
"ENSG00000160216","ENSG00000160216","AGPAT3","1-acylglycerol-3-phosphate O-acyltransferase 3 ","21","q22.3",10,0.917118383117054,0.263627102853359,0.936512637620381,"21q22.3",1,1,0,0,0,0,0,1,0,"entropic gene",3
"ENSG00000182362","ENSG00000182362","YBEY","ybeY metalloendoribonuclease ","21","q22.3",10,0.768339150910993,0.294468876222582,0.896913513427595,"21q22.3",1,1,0,1,0,0,0,0,1,"blood",4
"ENSG00000205726","ENSG00000205726","ITSN1","intersectin 1 ","21","q22.11",10,0.692827666185897,0.852581163555088,0.144229709147678,"21q22.11",1,1,0,1,0,0,0,0,0,"entropic gene",3
"ENSG00000154640","ENSG00000154640","BTG3","BTG anti-proliferation factor 3 ","21","q21.1",9,0.906198172264413,0.911722348038939,0.656171375279398,"21q21.1",1,1,0,1,0,0,0,0,0,"blood",3
"ENSG00000156261","ENSG00000156261","CCT8","chaperonin containing TCP1 subunit 8 ","21","q21.3",9,0.707650820580014,0.702403450128902,0.656928185475095,"21q21.3",1,0,1,1,0,0,0,0,1,"entropic gene",4
"ENSG00000156273","ENSG00000156273","BACH1","BTB domain and CNC homolog 1 ","21","q21.3",9,0.895874041404906,0.94293204638188,0.951952362526122,"21q21.3",1,1,0,1,0,0,0,0,1,"entropic gene",4
"ENSG00000157540","ENSG00000157540","DYRK1A","dual specificity tyrosine phosphorylation regulated kinase 1A ","21","q22.13",9,0.686819546504396,0.993467379479835,0.245427036284158,"21q22.13",1,1,0,0,0,0,0,1,1,"entropic gene",4
"ENSG00000159200","ENSG00000159200","RCAN1","regulator of calcineurin 1 ","21","q22.12",9,0.686537489266023,0.296377961337411,0.802936094644351,"21q22.12",1,1,0,0,0,0,0,1,1,"brain",4
"ENSG00000160213","ENSG00000160213","CSTB","cystatin B ","21","q22.3",9,0.787329411756839,0.320877267049019,0.888844755320011,"21q22.3",1,1,0,0,0,0,0,0,1,"brain",3
"ENSG00000160285","ENSG00000160285","LSS","lanosterol synthase ","21","q22.3",9,0.693084659256932,0.850514005886533,0.643808036650417,"21q22.3",1,1,0,1,0,0,0,1,1,"blood",5
"ENSG00000160299","ENSG00000160299","PCNT","pericentrin ","21","q22.3",9,0.685313906757433,0.172561771110464,0.73147114387096,"21q22.3",1,1,0,1,0,0,0,0,1,"blood",4
"ENSG00000184900","ENSG00000184900","SUMO3","small ubiquitin-like modifier 3 ","21","q22.3",9,0.707550242373459,0.417465551065274,0.877545308001221,"21q22.3",1,1,1,0,0,0,0,0,0,"blood",3
"ENSG00000243927","ENSG00000243927","MRPS6","mitochondrial ribosomal protein S6 ","21","q22.11",9,0.67736874332665,1.20878980736839,0.385454115605751,"21q22.11",1,1,0,1,0,0,0,0,0,"fibroblasts",3
"ENSG00000261371","ENSG00000261371","PECAM1","platelet and endothelial cell adhesion molecule 1 ","17","q23.3",9,0.721136142037956,0.817905724530065,0.216414298963908,"17q23.3",1,1,0,0,0,0,0,0,0,"brain",2
"ENSG00000142166","ENSG00000142166","IFNAR1","interferon alpha and beta receptor subunit 1 ","21","q22.11",8,0.678651585197006,0.115218014554239,0.699029292488164,"21q22.11",1,1,0,1,0,0,0,0,0,"brain",3
"ENSG00000154723","ENSG00000154723","ATP5PF","ATP synthase peripheral stalk subunit F6 ","21","q21.3",8,0.657737137858228,0.723647614333761,0.318778799702077,"21q21.3",1,0,0,1,0,0,0,0,0,"blood",2
"ENSG00000159055","ENSG00000159055","MIS18A","MIS18 kinetochore protein A ","21","q22.11",8,0.777500841658154,0.226278791621717,0.834692124171976,"21q22.11",1,1,0,1,0,0,0,0,1,"others",4
"ENSG00000160208","ENSG00000160208","RRP1B","ribosomal RNA processing 1B ","21","q22.3",8,0.803318645878237,0.826060420099174,0.807475661951632,"21q22.3",1,1,0,1,0,0,0,0,0,"blood",3
"ENSG00000160209","ENSG00000160209","PDXK","pyridoxal kinase ","21","q22.3",8,1.08294501637583,0.759095766577789,1.34302983837847,"21q22.3",1,1,0,1,0,0,0,1,0,"blood",4
"ENSG00000160221","ENSG00000160221","GATD3A","glutamine amidotransferase like class 1 domain containing 3A ","21","q22.3",8,0.830092980141243,2.6145488880581,1.32935138142016,"21q22.3",1,1,0,1,0,0,0,0,1,"blood",4
"ENSG00000160226","ENSG00000160226","CFAP410","cilia and flagella associated protein 410 ","21","q22.3",8,0.824939169318399,0.811407890372578,0.864074033996949,"21q22.3",1,1,0,1,0,0,0,1,0,"blood",4
"ENSG00000164292","ENSG00000164292","RHOBTB3","Rho related BTB domain containing 3 ","5","q15",8,0.909943106811467,1.05673586447085,1.01868935816077,"5q15",1,1,1,0,0,0,0,1,0,"placenta/amnios",4
"ENSG00000182240","ENSG00000182240","BACE2","beta-secretase 2 ","21","q22.2",8,0.819597827015655,0.758011341798506,0.805874877525255,"21q22.2",1,1,0,1,1,0,0,1,0,"others",5
"ENSG00000263160","ENSG00000263160","TMEM50B","transmembrane protein 50B ","21","",8,0.925639249787648,0.39855920311726,1.0092218401051,"21",1,1,0,1,0,0,0,1,0,"brain",4
"ENSG00000281289","ENSG00000281289","LSS","lanosterol synthase ","21","",8,0.665735451494592,1.08985654936721,0.214050575156274,"21",1,1,0,0,0,0,0,1,1,"blood",4
"ENSG00000067836","ENSG00000067836","ROGDI","rogdi homolog ","16","p13.3",7,-0.733739982480515,0.848735926617013,-0.48388493848241,"16p13.3",1,1,0,0,0,0,0,0,0,"brain",2
"ENSG00000111666","ENSG00000111666","CHPT1","choline phosphotransferase 1 ","12","q23.2",7,0.656863197483911,0.780374274228122,0.628879618452586,"12q23.2",1,1,0,0,0,0,0,0,1,"brain",3
"ENSG00000125730","ENSG00000125730","C3","complement C3 ","19","p13.3",7,1.97815913269375,3.64521477825087,1.35182125076437,"19p13.3",1,1,1,1,0,0,0,0,1,"iPSCs/ESCs",5
"ENSG00000129151","ENSG00000129151","BBOX1","gamma-butyrobetaine hydroxylase 1 ","11","p14.2",7,1.64569550963364,1.52705542760155,1.43435953753133,"11p14.2",0,1,0,1,0,0,0,0,0,"brain",2
"ENSG00000134531","ENSG00000134531","EMP1","epithelial membrane protein 1 ","12","p13.1",7,-0.71856506637071,1.12320459245705,-0.0491336066295409,"12p13.1",1,1,0,0,0,0,0,1,1,"brain",4
"ENSG00000142207","ENSG00000142207","URB1","URB1 ribosome biogenesis 1 homolog (S. cerevisiae) ","21","q22.11",7,0.73642933417968,0.877703634054298,0.89586709825788,"21q22.11",1,1,1,1,0,0,0,0,0,"others",4
"ENSG00000151693","ENSG00000151693","ASAP2","ArfGAP with SH3 domain, ankyrin repeat and PH domain 2 ","2","p25.1",7,-1.07245106662556,1.1636204351553,-0.973069814156361,"2p25.1",1,1,0,0,0,0,0,0,1,"blood",3
"ENSG00000154654","ENSG00000154654","NCAM2","neural cell adhesion molecule 2 ","21","q21.1",7,0.689379992318464,1.75668346215326,0.958507989701703,"21q21.1",0,1,0,1,0,0,0,0,0,"brain",2
"ENSG00000154727","ENSG00000154727","GABPA","GA binding protein transcription factor subunit alpha ","21","q21.3",7,0.655269702501652,0.14772135005407,0.747717177404347,"21q21.3",1,0,0,1,0,0,0,1,0,"blood",3
"ENSG00000156304","ENSG00000156304","SCAF4","SR-related CTD associated factor 4 ","21","q22.11",7,0.794241243411308,0.95107852082678,0.418483652190071,"21q22.11",1,0,0,1,0,0,0,0,1,"blood",3
"ENSG00000159147","ENSG00000159147","DONSON","downstream neighbor of SON ","21","q22.11",7,0.722101392788848,0.740776023903077,0.457861305448257,"21q22.11",1,1,0,1,0,0,0,0,0,"blood",3
"ENSG00000159259","ENSG00000159259","CHAF1B","chromatin assembly factor 1 subunit B ","21","q22.12",7,0.788848850305488,0.128275748353636,0.827448673912952,"21q22.12",1,0,0,1,0,0,0,0,0,"blood",2
"ENSG00000160179","ENSG00000160179","ABCG1","ATP binding cassette subfamily G member 1 ","21","q22.3",7,1.00471735939636,0.907686913876817,0.93680429686964,"21q22.3",1,1,0,0,0,0,0,1,0,"others",3
"ENSG00000173452","ENSG00000173452","TMEM196","transmembrane protein 196 ","7","p21.1",7,-0.741256870793398,0.133089597334667,-0.7450465825195,"7p21.1",0,1,0,0,0,0,0,0,0,"brain",1
"ENSG00000185658","ENSG00000185658","BRWD1","bromodomain and WD repeat domain containing 1 ","21","q22.2",7,0.795447092652784,1.31021070332982,0.510717280962385,"21q22.2",1,1,0,0,0,0,0,1,1,"placenta/amnios",4
"ENSG00000185808","ENSG00000185808","PIGP","phosphatidylinositol glycan anchor biosynthesis class P ","21","q22.13",7,0.639464401208219,0.309236411571162,0.813251535481615,"21q22.13",1,1,0,1,0,1,0,0,0,"others",4
"ENSG00000189171","ENSG00000189171","S100A13","S100 calcium binding protein A13 ","1","q21.3",7,0.680395701723368,1.0362509786349,0.36405878245985,"1q21.3",1,1,0,0,0,0,0,0,1,"brain",3
"ENSG00000197956","ENSG00000197956","S100A6","S100 calcium binding protein A6 ","1","q21.3",7,0.957954712308535,1.15515288715183,0.81556486598278,"1q21.3",1,0,0,0,0,1,0,1,1,"placenta/amnios",4
"ENSG00000198363","ENSG00000198363","ASPH","aspartate beta-hydroxylase ","8","q12.3",7,0.613704128880525,1.20916419697987,0.237038011180645,"8q12.3",1,1,0,0,0,0,0,1,0,"brain",3
"ENSG00000213626","ENSG00000213626","LBH","limb bud and heart development ","2","p23.1",7,-0.820936340169811,1.38148870213903,-0.346105373588229,"2p23.1",0,1,0,1,0,0,0,0,0,"brain",2
"ENSG00000249624","ENSG00000249624","","novel protein","21","q22.11",7,0.630620718480493,0.721926205075015,0.373702401030232,"21q22.11",1,1,0,1,0,1,0,0,0,"others",4
"ENSG00000026508","ENSG00000026508","CD44","CD44 molecule (Indian blood group) ","11","p13",6,-1.45168043404303,1.74513678375462,-0.592533481261849,"11p13",1,1,1,0,0,0,0,1,0,"others",4
"ENSG00000047457","ENSG00000047457","CP","ceruloplasmin ","3","q25.1",6,1.01573689318371,2.28312299199331,0.688191350267557,"3q25.1",1,1,0,0,0,0,0,0,0,"brain",2
"ENSG00000055332","ENSG00000055332","EIF2AK2","eukaryotic translation initiation factor 2 alpha kinase 2 ","2","p22.2",6,0.708794355167258,0.0262663070565483,0.695602817150154,"2p22.2",0,1,0,0,0,0,0,0,0,"brain",1
"ENSG00000067225","ENSG00000067225","PKM","pyruvate kinase M1/2 ","15","q23",6,-0.034451899071303,1.99687703598363,0.602869104562827,"15q23",1,0,1,0,0,0,0,0,0,"blood",2
"ENSG00000067992","ENSG00000067992","PDK3","pyruvate dehydrogenase kinase 3 ","X","p22.11",6,1.27956510310725,0.744051635039588,1.51911005966763,"Xp22.11",1,0,0,0,0,0,0,0,1,"entropic gene",2
"ENSG00000071575","ENSG00000071575","TRIB2","tribbles pseudokinase 2 ","2","p24.3",6,1.9226292818505,1.52205273690053,2.52840426430705,"2p24.3",1,0,1,0,0,0,0,0,0,"blood",2
"ENSG00000076716","ENSG00000076716","GPC4","glypican 4 ","X","q26.2",6,0.923122517583416,2.42810944466287,-0.154806362112407,"Xq26.2",1,1,0,1,0,0,0,0,0,"blood",3
"ENSG00000088256","ENSG00000088256","GNA11","G protein subunit alpha 11 ","19","p13.3",6,-0.73386814300376,0.721244576012268,-0.537115910495835,"19p13.3",1,1,0,0,0,0,0,0,0,"brain",2
"ENSG00000089220","ENSG00000089220","PEBP1","phosphatidylethanolamine binding protein 1 ","12","q24.23",6,0.931484667699405,0.297725710227587,1.04093946156411,"12q24.23",0,1,0,0,0,0,0,0,0,"brain",1
"ENSG00000092068","ENSG00000092068","SLC7A8","solute carrier family 7 member 8 ","14","q11.2",6,0.0889153395846454,1.52250813554509,0.142484533202685,"14q11.2",1,1,0,0,0,0,0,0,0,"brain",2
"ENSG00000100368","ENSG00000100368","CSF2RB","colony stimulating factor 2 receptor beta common subunit ","22","q12.3",6,-0.0609594926546035,1.63729898270836,0.139376206722322,"22q12.3",1,1,0,0,0,0,0,0,1,"blood",3
"ENSG00000100504","ENSG00000100504","PYGL","glycogen phosphorylase L ","14","q22.1",6,0.63834660606,1.02647465896502,0.0995208516544746,"14q22.1",0,1,0,1,0,0,0,0,0,"brain",2
"ENSG00000102362","ENSG00000102362","SYTL4","synaptotagmin like 4 ","X","q22.1",6,0.372691230618497,2.71762563023065,-0.367949069622512,"Xq22.1",1,1,0,0,0,0,0,0,0,"others",2
"ENSG00000108679","ENSG00000108679","LGALS3BP","galectin 3 binding protein ","17","q25.3",6,0.840708510726865,0.872592751871525,0.399253126173828,"17q25.3",1,1,0,0,0,0,0,0,1,"brain",3
"ENSG00000112339","ENSG00000112339","HBS1L","HBS1 like translational GTPase ","6","q23.3",6,0.726781139346619,1.29329830372639,0.466629708312074,"6q23.3",1,1,0,0,0,0,0,0,0,"others",2
"ENSG00000115461","ENSG00000115461","IGFBP5","insulin like growth factor binding protein 5 ","2","q35",6,-0.853465780683007,1.57002985557316,-0.658875644165038,"2q35",1,1,0,1,0,0,0,0,1,"others",4
"ENSG00000117450","ENSG00000117450","PRDX1","peroxiredoxin 1 ","1","p34.1",6,0.799737259887272,0.905328983788685,0.273273284097406,"1p34.1",1,1,0,0,0,0,0,0,0,"brain",2
"ENSG00000118785","ENSG00000118785","SPP1","secreted phosphoprotein 1 ","4","q22.1",6,0.164199013065983,2.74242572720229,-0.129381753226252,"4q22.1",1,0,1,1,0,0,0,0,1,"iPSCs/ESCs",4
"ENSG00000119711","ENSG00000119711","ALDH6A1","aldehyde dehydrogenase 6 family member A1 ","14","q24.3",6,0.907029083079707,1.23508253824617,0.560746637830389,"14q24.3",1,1,0,0,0,0,0,1,0,"others",3
"ENSG00000121691","ENSG00000121691","CAT","catalase ","11","p13",6,1.7350292443362,1.60109354061152,2.14264181729139,"11p13",0,1,0,0,0,0,0,1,1,"iPSCs/ESCs",3
"ENSG00000124570","ENSG00000124570","SERPINB6","serpin family B member 6 ","6","p25.2",6,0.681409156022258,1.22545346740375,0.228659502157693,"6p25.2",1,1,0,1,0,0,0,1,1,"others",5
"ENSG00000128311","ENSG00000128311","TST","thiosulfate sulfurtransferase ","22","q12.3",6,1.5436332083579,1.01541696556391,1.91355524620578,"22q12.3",1,1,1,0,0,1,0,0,0,"others",4
"ENSG00000129116","ENSG00000129116","PALLD","palladin, cytoskeletal associated protein ","4","q32.3",6,1.07455870062239,2.01897538318579,0.0312553876205661,"4q32.3",1,1,0,0,0,0,0,0,0,"brain",2
"ENSG00000131051","ENSG00000131051","RBM39","RNA binding motif protein 39 ","20","q11.22",6,0.692415216107367,0.880514753982826,0.495424188642891,"20q11.22",1,1,0,0,0,0,0,0,1,"others",3
"ENSG00000132470","ENSG00000132470","ITGB4","integrin subunit beta 4 ","17","q25.1",6,1.255310706864,0.912380935276845,0.888469129608885,"17q25.1",1,1,0,0,0,0,0,0,0,"brain",2
"ENSG00000144908","ENSG00000144908","ALDH1L1","aldehyde dehydrogenase 1 family member L1 ","3","q21.3",6,0.740666566338804,0.753158748372655,0.617293759362901,"3q21.3",0,1,0,1,0,0,0,0,0,"brain",2
"ENSG00000148180","ENSG00000148180","GSN","gelsolin ","9","q33.2",6,0.825820062454746,1.36506437033081,0.282164172631499,"9q33.2",1,0,1,0,0,0,0,0,1,"blood",3
"ENSG00000148700","ENSG00000148700","ADD3","adducin 3 ","10","q25.1",6,0.910553543710136,1.12031467472864,0.626615511684562,"10q25.1",0,1,1,1,0,0,0,0,0,"brain",3
"ENSG00000149591","ENSG00000149591","TAGLN","transgelin ","11","q23.3",6,0.733265113214705,1.12027765251746,0.178860817038619,"11q23.3",1,1,0,1,0,0,0,1,1,"iPSCs/ESCs",5
"ENSG00000151176","ENSG00000151176","PLBD2","phospholipase B domain containing 2 ","12","q24.13",6,-0.0463276307794072,1.25987438794407,0.239393198554242,"12q24.13",0,1,1,0,0,0,0,0,0,"brain",2
"ENSG00000155304","ENSG00000155304","HSPA13","heat shock protein family A (Hsp70) member 13 ","21","q11.2",6,0.865997928821518,0.253888237666038,0.900502567301023,"21q11.2",1,0,0,1,0,0,0,0,0,"blood",2
"ENSG00000156253","ENSG00000156253","RWDD2B","RWD domain containing 2B ","21","q21.3",6,0.683213631280565,1.79579087029558,-0.0161630327288794,"21q21.3",1,0,0,1,0,0,0,0,1,"others",3
"ENSG00000157601","ENSG00000157601","MX1","MX dynamin like GTPase 1 ","21","q22.3",6,0.847694562931603,2.0180491035708,1.34745066482476,"21q22.3",0,1,0,1,0,0,0,1,0,"fibroblasts",3
"ENSG00000159267","ENSG00000159267","HLCS","holocarboxylase synthetase ","21","q22.13",6,0.740607006918796,0.637432473966224,0.610180966201484,"21q22.13",1,0,0,1,0,0,0,0,0,"blood",2
"ENSG00000160183","ENSG00000160183","TMPRSS3","transmembrane serine protease 3 ","21","q22.3",6,1.14405392201307,0.873864759761082,0.930862613630708,"21q22.3",1,1,0,0,0,0,0,0,0,"blood",2
"ENSG00000160194","ENSG00000160194","NDUFV3","NADH:ubiquinone oxidoreductase subunit V3 ","21","q22.3",6,0.765918406319819,0.355103090422791,0.91505925152415,"21q22.3",1,0,0,1,0,0,0,0,0,"blood",2
"ENSG00000160294","ENSG00000160294","MCM3AP","minichromosome maintenance complex component 3 associated protein ","21","q22.3",6,0.61248235799304,0.600661400912427,0.43891567045083,"21q22.3",1,1,0,1,0,0,0,0,0,"others",3
"ENSG00000160305","ENSG00000160305","DIP2A","disco interacting protein 2 homolog A ","21","q22.3",6,0.783612554786617,0.513908084624539,0.976788830673466,"21q22.3",1,1,1,0,0,0,0,0,0,"others",3
"ENSG00000164116","ENSG00000164116","GUCY1A1","guanylate cyclase 1 soluble subunit alpha 1 ","4","q32.1",6,-0.897322475140265,1.03581574370426,-0.769591353136004,"4q32.1",1,1,0,0,0,0,0,0,0,"blood",2
"ENSG00000165092","ENSG00000165092","ALDH1A1","aldehyde dehydrogenase 1 family member A1 ","9","q21.13",6,1.79677003677069,2.87792954557855,1.48288073340399,"9q21.13",1,0,0,1,0,0,0,0,0,"blood",2
"ENSG00000168385","ENSG00000168385","SEPT2","septin 2 ","2","q37.3",6,0.878467310931144,0.926913622443906,0.67387248914492,"2q37.3",1,1,0,0,0,0,0,0,1,"iPSCs/ESCs",3
"ENSG00000169855","ENSG00000169855","ROBO1","roundabout guidance receptor 1 ","3","p12.3",6,1.04837303171089,2.26731083911579,0.72041465902538,"3p12.3",1,0,0,1,0,0,0,0,0,"blood",2
"ENSG00000176101","ENSG00000176101","SSNA1","SS nuclear autoantigen 1 ","9","q34.3",6,-0.829426813919135,1.16374866213642,-0.560603409487816,"9q34.3",1,1,0,0,0,0,0,0,0,"brain",2
"ENSG00000182670","ENSG00000182670","TTC3","tetratricopeptide repeat domain 3 ","21","q22.13",6,0.673141219070135,0.165500305956162,0.739191417827617,"21q22.13",1,1,0,1,0,0,0,0,0,"blood",3
"ENSG00000185432","ENSG00000185432","METTL7A","methyltransferase like 7A ","12","q13.12",6,1.47918484688129,1.14064675048111,1.16061478808531,"12q13.12",1,1,0,0,0,0,0,0,0,"brain",2
"ENSG00000185507","ENSG00000185507","IRF7","interferon regulatory factor 7 ","11","p15.5",6,0.694116096111202,0.593296417892005,0.916694088509361,"11p15.5",0,1,1,1,0,0,0,0,0,"brain",3
"ENSG00000186866","ENSG00000186866","POFUT2","protein O-fucosyltransferase 2 ","21","q22.3",6,0.671245183696497,0.184712433390289,0.731865483550724,"21q22.3",1,1,0,1,0,0,0,0,0,"blood",3
"ENSG00000213853","ENSG00000213853","EMP2","epithelial membrane protein 2 ","16","p13.13",6,0.939039297652035,0.504592576364269,1.12316045106431,"16p13.13",0,1,0,0,0,0,0,0,0,"brain",1
"ENSG00000221869","ENSG00000221869","CEBPD","CCAAT enhancer binding protein delta ","8","q11.21",6,-0.0442369567556087,0.946584796354275,-0.0928503346037631,"8q11.21",1,1,0,0,0,0,0,0,0,"brain",2
"ENSG00000243646","ENSG00000243646","IL10RB","interleukin 10 receptor subunit beta ","21","q22.11",6,0.673658642985698,0.944954809413318,0.374632125481784,"21q22.11",1,1,0,0,0,0,0,0,0,"brain",2
"ENSG00000244754","ENSG00000244754","N4BP2L2","NEDD4 binding protein 2 like 2 ","13","q13.1",6,0.625586270649599,0.894654429087538,0.293859027382809,"13q13.1",1,0,0,1,0,0,0,0,0,"blood",2
"ENSG00000249209","ENSG00000249209","","novel protein similar to ATP synthase delta (OSCP) subunit domain","21","q22.11",6,0.654287471240439,0.057010564540025,0.660907827450732,"21q22.11",1,1,0,1,0,1,0,0,0,"others",4
"ENSG00000263141","ENSG00000263141","PAXBP1","PAX3 and PAX7 binding protein 1 ","21","",6,1.2068489254183,0.626955755520456,1.32317164886582,"21",1,1,0,0,0,0,0,0,1,"others",3
"ENSG00000281484","ENSG00000281484","BTG3","BTG anti-proliferation factor 3 ","21","",6,0.802037532654995,0.34959495741282,0.94386158064333,"21",1,1,0,1,0,0,0,0,0,"others",3
"ENSG00000004478","ENSG00000004478","FKBP4","FK506 binding protein 4 ","12","p13.33",5,0.698591210385972,1.30016490576452,0.318775030940162,"12p13.33",1,0,0,0,0,0,0,0,1,"blood",2
"ENSG00000007080","ENSG00000007080","CCDC124","coiled-coil domain containing 124 ","19","p13.11",5,-0.818354217933512,0.100479453276374,-0.85700894709342,"19p13.11",0,1,0,0,0,0,0,0,0,"brain",1
"ENSG00000008311","ENSG00000008311","AASS","aminoadipate-semialdehyde synthase ","7","q31.32",5,-0.640390186018381,2.20823386321387,-0.326290158178546,"7q31.32",1,0,0,1,0,0,0,0,1,"iPSCs/ESCs",3
"ENSG00000011198","ENSG00000011198","ABHD5","abhydrolase domain containing 5 ","3","p21.33",5,0.936028219500594,1.12556892357636,0.463231065004736,"3p21.33",1,0,1,0,0,0,0,1,1,"others",4
"ENSG00000023902","ENSG00000023902","PLEKHO1","pleckstrin homology domain containing O1 ","1","q21.2",5,-1.61242618660569,1.48775077184015,-2.13650848774778,"1q21.2",1,1,0,0,0,0,0,0,0,"others",2
"ENSG00000026025","ENSG00000026025","VIM","vimentin ","10","p13",5,0.717638697371297,1.5920582303851,0.153829714404954,"10p13",1,1,0,0,0,0,0,0,1,"others",3
"ENSG00000044524","ENSG00000044524","EPHA3","EPH receptor A3 ","3","p11.1",5,1.24046646896281,3.79054811718106,0.0850134858965477,"3p11.1",1,0,0,0,0,0,0,0,1,"iPSCs/ESCs",2
"ENSG00000061918","ENSG00000061918","GUCY1B1","guanylate cyclase 1 soluble subunit beta 1 ","4","q32.1",5,-1.13137433962182,0.556886278192906,-1.41718866566541,"4q32.1",1,1,0,1,0,0,0,0,0,"others",3
"ENSG00000070882","ENSG00000070882","OSBPL3","oxysterol binding protein like 3 ","7","p15.3",5,-0.943245131794527,0.67528542563793,-0.574623823281873,"7p15.3",1,1,0,0,0,0,0,0,0,"blood",2
"ENSG00000071051","ENSG00000071051","NCK2","NCK adaptor protein 2 ","2","q12.2",5,-0.751342879838489,0.765704984116642,-0.605591576682359,"2q12.2",1,1,0,0,0,0,0,0,0,"others",2
"ENSG00000074590","ENSG00000074590","NUAK1","NUAK family kinase 1 ","12","q23.3",5,-0.828396096279476,1.25392828451287,-0.253522646286131,"12q23.3",1,1,0,1,0,0,0,0,1,"others",4
"ENSG00000078401","ENSG00000078401","EDN1","endothelin 1 ","6","p24.1",5,0.851468450371423,1.05381410028791,0.199993746297211,"6p24.1",0,1,0,1,0,0,0,0,0,"brain",2
"ENSG00000092445","ENSG00000092445","TYRO3","TYRO3 protein tyrosine kinase ","15","q15.1",5,0.713659909519787,0.778762038883766,0.220690818119681,"15q15.1",0,1,0,0,0,0,0,0,1,"brain",2
"ENSG00000092820","ENSG00000092820","EZR","ezrin ","6","q25.3",5,0.638849605583848,1.08388063175367,0.332475944081817,"6q25.3",0,1,1,1,0,0,0,0,0,"others",3
"ENSG00000100234","ENSG00000100234","TIMP3","TIMP metallopeptidase inhibitor 3 ","22","q12.3",5,0.826398613194935,2.89765243511928,0.796205067549991,"22q12.3",1,1,0,1,0,0,0,0,1,"others",4
"ENSG00000100439","ENSG00000100439","ABHD4","abhydrolase domain containing 4 ","14","q11.2",5,0.81650827077309,0.899458790945967,0.278514971006187,"14q11.2",1,1,0,1,0,0,0,0,1,"others",4
"ENSG00000101347","ENSG00000101347","SAMHD1","SAM and HD domain containing deoxynucleoside triphosphate triphosphohydrolase 1 ","20","q11.23",5,1.32196062577207,2.79555998526128,0.486757945140822,"20q11.23",1,1,1,0,0,0,0,0,1,"iPSCs/ESCs",4
"ENSG00000102265","ENSG00000102265","TIMP1","TIMP metallopeptidase inhibitor 1 ","X","p11.3",5,0.704375722879351,1.87796177199537,-0.284119330265478,"Xp11.3",1,1,0,1,0,0,0,0,0,"others",3
"ENSG00000102312","ENSG00000102312","PORCN","porcupine O-acyltransferase ","X","p11.23",5,0.757756744141946,1.00381771604111,0.148633881484102,"Xp11.23",0,1,0,0,0,0,0,0,0,"brain",1
"ENSG00000104267","ENSG00000104267","CA2","carbonic anhydrase 2 ","8","q21.2",5,2.34391710328546,1.04181955995031,2.23588368659829,"8q21.2",1,0,0,0,0,0,0,0,1,"blood",2
"ENSG00000104888","ENSG00000104888","SLC17A7","solute carrier family 17 member 7 ","19","q13.33",5,-0.780030374781578,0.848971198480644,-0.519589570977354,"19q13.33",1,1,0,0,0,0,0,0,0,"brain",2
"ENSG00000105968","ENSG00000105968","H2AFV","H2A histone family member V ","7","p13",5,0.771664201347585,0.134320814771153,0.798065401392312,"7p13",1,1,0,0,0,0,0,0,1,"others",3
"ENSG00000107201","ENSG00000107201","DDX58","DExD/H-box helicase 58 ","9","p21.1",5,0.616929901264521,0.616769065159364,0.344637682005963,"9p21.1",0,1,0,1,0,0,0,0,0,"brain",2
"ENSG00000108622","ENSG00000108622","ICAM2","intercellular adhesion molecule 2 ","17","q23.3",5,1.22197357750722,1.56785246063264,0.838255547189485,"17q23.3",1,1,1,0,0,0,0,0,0,"others",3
"ENSG00000109861","ENSG00000109861","CTSC","cathepsin C ","11","q14.2",5,0.591662642692508,1.6777501794037,0.782937094855482,"11q14.2",0,1,1,1,0,0,0,0,1,"iPSCs/ESCs",4
"ENSG00000112079","ENSG00000112079","STK38","serine/threonine kinase 38 ","6","p21.31",5,0.7684374687158,1.14119858736099,0.408616021704827,"6p21.31",1,0,0,0,0,0,0,0,1,"blood",2
"ENSG00000114745","ENSG00000114745","GORASP1","golgi reassembly stacking protein 1 ","3","p22.2",5,-0.759009550544675,0.959947556352191,-0.73504159459424,"3p22.2",0,1,0,0,0,0,0,0,0,"brain",1
"ENSG00000116962","ENSG00000116962","NID1","nidogen 1 ","1","q42.3",5,-0.672606823433217,2.2875549049995,0.281232039453054,"1q42.3",1,0,1,0,0,0,0,0,0,"blood",2
"ENSG00000117394","ENSG00000117394","SLC2A1","solute carrier family 2 member 1 ","1","p34.2",5,0.714733407477281,1.78511045048209,-0.259600589120124,"1p34.2",1,1,0,0,0,0,0,0,0,"others",2
"ENSG00000117592","ENSG00000117592","PRDX6","peroxiredoxin 6 ","1","q25.1",5,-0.815575403058524,1.00928003647471,-0.29927599309905,"1q25.1",1,1,0,0,0,0,0,0,0,"others",2
"ENSG00000118276","ENSG00000118276","B4GALT6","beta-1,4-galactosyltransferase 6 ","18","q12.1",5,-1.51460180891714,0.701563808995218,-1.55727120484784,"18q12.1",1,1,0,0,0,0,0,1,1,"others",4
"ENSG00000119508","ENSG00000119508","NR4A3","nuclear receptor subfamily 4 group A member 3 ","9","q31.1",5,-0.758521718504108,1.23268836636578,-0.991081003502549,"9q31.1",0,1,0,1,0,0,0,0,1,"others",3
"ENSG00000119950","ENSG00000119950","MXI1","MAX interactor 1, dimerization protein ","10","q25.2",5,0.609608846148163,0.0589727884507036,0.647637944429234,"10q25.2",0,1,0,0,0,0,0,0,1,"iPSCs/ESCs",2
"ENSG00000122223","ENSG00000122223","CD244","CD244 molecule ","1","q23.3",5,0.915328622698205,1.01067234799498,0.786651488343069,"1q23.3",1,0,1,0,0,0,0,0,0,"blood",2
"ENSG00000122378","ENSG00000122378","PRXL2A","peroxiredoxin like 2A ","10","q23.1",5,0.748227137102127,1.04311966863023,1.28443983735742,"10q23.1",1,1,0,0,0,0,0,0,0,"brain",2
"ENSG00000122862","ENSG00000122862","SRGN","serglycin ","10","q22.1",5,1.21987704612573,2.97228474567446,0.269130345330655,"10q22.1",1,1,0,1,0,0,0,0,1,"others",4
"ENSG00000123358","ENSG00000123358","NR4A1","nuclear receptor subfamily 4 group A member 1 ","12","q13.13",5,-0.878330690108102,1.38082784128127,-0.748477986786615,"12q13.13",1,1,0,0,0,0,0,0,0,"others",2
"ENSG00000125398","ENSG00000125398","SOX9","SRY-box 9 ","17","q24.3",5,0.788530510534412,2.25112018396261,0.238880975582109,"17q24.3",0,1,0,1,0,0,0,0,1,"iPSCs/ESCs",3
"ENSG00000125810","ENSG00000125810","CD93","CD93 molecule ","20","p11.21",5,0.897561624094594,1.84452838100254,-0.0995521850150668,"20p11.21",1,1,0,0,0,0,0,0,0,"others",2
"ENSG00000130203","ENSG00000130203","APOE","apolipoprotein E ","19","q13.32",5,0.602844600370705,2.07091535536367,0.428689575562233,"19q13.32",1,1,0,1,0,0,0,0,0,"others",3
"ENSG00000130227","ENSG00000130227","XPO7","exportin 7 ","8","p21.3",5,-0.73342085915106,0.644017814200271,-0.519247067063402,"8p21.3",1,1,0,0,0,0,0,0,1,"others",3
"ENSG00000132424","ENSG00000132424","PNISR","PNN interacting serine and arginine rich protein ","6","q16.2",5,-0.86513123904656,0.837534172447951,-1.37810737331625,"6q16.2",1,0,1,0,0,0,0,1,1,"others",4
"ENSG00000133169","ENSG00000133169","BEX1","brain expressed X-linked 1 ","X","q22.1",5,-0.739886335409969,2.00401105602684,-0.243197025198262,"Xq22.1",1,0,0,1,0,0,0,0,0,"blood",2
"ENSG00000135218","ENSG00000135218","CD36","CD36 molecule ","7","q21.11",5,2.40786468374702,2.76407936116479,1.11497533571396,"7q21.11",1,0,0,1,0,0,0,0,0,"blood",2
"ENSG00000135838","ENSG00000135838","NPL","N-acetylneuraminate pyruvate lyase ","1","q25.3",5,1.22666032658735,0.324884715546283,1.19823183238804,"1q25.3",1,1,0,0,0,0,0,0,1,"others",3
"ENSG00000136436","ENSG00000136436","CALCOCO2","calcium binding and coiled-coil domain 2 ","17","q21.32",5,0.635456483602413,1.14470480012508,0.639719260638754,"17q21.32",0,1,1,0,0,0,0,0,0,"brain",2
"ENSG00000136732","ENSG00000136732","GYPC","glycophorin C (Gerbich blood group) ","2","q14.3",5,-1.29602279601672,1.54567964124693,-0.80658236867617,"2q14.3",1,0,1,0,0,0,0,0,1,"others",3
"ENSG00000137198","ENSG00000137198","GMPR","guanosine monophosphate reductase ","6","p22.3",5,0.979075909567218,1.47188053409301,0.596069221218407,"6p22.3",0,1,0,0,0,0,0,1,1,"others",3
"ENSG00000138772","ENSG00000138772","ANXA3","annexin A3 ","4","q21.21",5,-0.839364482582102,1.437371102106,-0.422544064241286,"4q21.21",1,0,0,0,0,0,0,0,1,"blood",2
"ENSG00000138821","ENSG00000138821","SLC39A8","solute carrier family 39 member 8 ","4","q24",5,0.866711196258096,1.20797512767577,0.36712757409277,"4q24",1,1,0,0,0,0,0,0,1,"iPSCs/ESCs",3
"ENSG00000140199","ENSG00000140199","SLC12A6","solute carrier family 12 member 6 ","15","q14",5,1.02140974531567,3.63414459813275,-0.289600642205658,"15q14",1,0,1,0,0,0,0,0,0,"blood",2
"ENSG00000140287","ENSG00000140287","HDC","histidine decarboxylase ","15","q21.2",5,3.66152130658476,2.33251776841992,3.32188754425884,"15q21.2",1,0,0,0,0,0,0,0,1,"blood",2
"ENSG00000142156","ENSG00000142156","COL6A1","collagen type VI alpha 1 chain ","21","q22.3",5,-0.864017602709174,1.77401009615978,-1.22511332373993,"21q22.3",1,0,0,1,0,0,0,1,0,"others",3
"ENSG00000142173","ENSG00000142173","COL6A2","collagen type VI alpha 2 chain ","21","q22.3",5,0.768040623754931,2.05363171578541,-0.457457563570821,"21q22.3",1,1,0,1,0,0,0,0,0,"others",3
"ENSG00000142192","ENSG00000142192","APP","amyloid beta precursor protein ","21","q21.3",5,0.766177549586994,0.756406185458281,0.518180904040634,"21q21.3",1,0,0,1,0,0,0,0,1,"others",3
"ENSG00000142583","ENSG00000142583","SLC2A5","solute carrier family 2 member 5 ","1","p36.23",5,0.742475609545524,2.62717114931424,-0.586183796265626,"1p36.23",1,0,0,0,0,0,0,0,0,"blood",1
"ENSG00000142798","ENSG00000142798","HSPG2","heparan sulfate proteoglycan 2 ","1","p36.12",5,0.724808585787205,1.84943516645021,0.453239834481728,"1p36.12",1,1,0,0,0,0,0,0,1,"others",3
"ENSG00000143416","ENSG00000143416","SELENBP1","selenium binding protein 1 ","1","q21.3",5,2.99894164001538,1.92763729791195,1.81446188834737,"1q21.3",1,1,0,0,0,0,0,0,0,"blood",2
"ENSG00000145287","ENSG00000145287","PLAC8","placenta specific 8 ","4","q21.22",5,1.07032156807728,0.337203335708012,1.06547104962215,"4q21.22",0,1,1,1,0,0,0,0,1,"others",4
"ENSG00000145358","ENSG00000145358","DDIT4L","DNA damage inducible transcript 4 like ","4","q24",5,0.937320665586665,4.23020358787234,0.103339168191198,"4q24",1,1,0,1,0,0,0,0,0,"others",3
"ENSG00000145414","ENSG00000145414","NAF1","nuclear assembly factor 1 ribonucleoprotein ","4","q32.2",5,-0.823737860727761,1.41151127702451,-0.285474867973382,"4q32.2",1,1,0,0,0,0,0,0,0,"brain",2
"ENSG00000146416","ENSG00000146416","AIG1","androgen induced 1 ","6","q24.2",5,-0.962767060595385,1.10256791460307,-0.655899124930901,"6q24.2",1,1,0,0,0,0,0,0,0,"others",2
"ENSG00000147872","ENSG00000147872","PLIN2","perilipin 2 ","9","p22.1",5,2.10170431355396,1.3325387276878,1.33391998351435,"9p22.1",1,0,0,0,0,0,0,1,0,"blood",2
"ENSG00000148175","ENSG00000148175","STOM","stomatin ","9","q33.2",5,0.910296177086311,0.873227445672754,0.629410064637749,"9q33.2",0,1,0,0,0,0,0,0,0,"brain",1
"ENSG00000152661","ENSG00000152661","GJA1","gap junction protein alpha 1 ","6","q22.31",5,1.24736887322627,0.577118646739717,1.38378007851356,"6q22.31",0,1,0,0,0,0,0,0,1,"brain",2
"ENSG00000154642","ENSG00000154642","C21orf91","chromosome 21 open reading frame 91 ","21","q21.1",5,0.929049356649083,0.321244971295147,1.03534073170488,"21q21.1",1,1,1,1,0,0,0,0,0,"others",4
"ENSG00000154734","ENSG00000154734","ADAMTS1","ADAM metallopeptidase with thrombospondin type 1 motif 1 ","21","q21.3",5,0.891884969645988,1.35126591317201,0.888622950851244,"21q21.3",1,0,0,1,0,0,0,0,0,"blood",2
"ENSG00000155307","ENSG00000155307","SAMSN1","SAM domain, SH3 domain and nuclear localization signals 1 ","21","q11.2",5,0.862894710116726,0.71085095971822,1.2804459258559,"21q11.2",1,1,0,0,0,0,0,0,0,"blood",2
"ENSG00000157554","ENSG00000157554","ERG","ERG, ETS transcription factor ","21","q22.2",5,0.836018326617082,0.973246853407004,0.790610721372425,"21q22.2",1,1,0,0,0,0,0,0,1,"others",3
"ENSG00000157557","ENSG00000157557","ETS2","ETS proto-oncogene 2, transcription factor ","21","q22.2",5,0.725345218713743,0.266575531963102,0.80475747978613,"21q22.2",1,1,0,1,0,0,0,0,0,"others",3
"ENSG00000160201","ENSG00000160201","U2AF1","U2 small nuclear RNA auxiliary factor 1 ","21","q22.3",5,0.594141973026635,0.901692000735092,0.0474896415595035,"21q22.3",1,1,0,0,0,0,0,0,1,"others",3
"ENSG00000160255","ENSG00000160255","ITGB2","integrin subunit beta 2 ","21","q22.3",5,0.83078545663999,0.330554392590728,0.90602873059731,"21q22.3",1,1,0,0,0,1,0,0,0,"others",3
"ENSG00000160307","ENSG00000160307","S100B","S100 calcium binding protein B ","21","q22.3",5,0.9052483404155,1.11119464641176,0.486471018581642,"21q22.3",1,1,0,0,0,0,0,0,0,"brain",2
"ENSG00000162496","ENSG00000162496","DHRS3","dehydrogenase/reductase 3 ","1","p36.21",5,0.772872494422803,1.1011962409732,0.445496631578703,"1p36.21",1,1,0,0,0,0,0,0,0,"others",2
"ENSG00000163634","ENSG00000163634","THOC7","THO complex 7 ","3","p14.1",5,-0.616651868299329,1.20909207056815,-0.346364959251101,"3p14.1",1,1,0,0,0,0,0,1,0,"others",3
"ENSG00000163956","ENSG00000163956","LRPAP1","LDL receptor related protein associated protein 1 ","4","p16.3",5,0.639736160173422,1.4092825960473,0.0712286750227231,"4p16.3",1,0,1,0,0,0,0,0,1,"iPSCs/ESCs",3
"ENSG00000168309","ENSG00000168309","FAM107A","family with sequence similarity 107 member A ","3","p14.2",5,0.733743649723806,3.54881482624647,-1.28414957845048,"3p14.2",0,1,0,1,0,0,0,0,0,"brain",2
"ENSG00000168546","ENSG00000168546","GFRA2","GDNF family receptor alpha 2 ","8","p21.3",5,-1.18181835148688,1.78130427126332,-0.482406777222003,"8p21.3",1,1,0,0,0,0,0,0,1,"others",3
"ENSG00000170891","ENSG00000170891","CYTL1","cytokine like 1 ","4","p16.2",5,2.94171997318151,3.915848219913,1.10325030181323,"4p16.2",1,0,0,0,0,0,0,0,1,"blood",2
"ENSG00000171587","ENSG00000171587","DSCAM","DS cell adhesion molecule ","21","q22.2",5,0.712997245376078,0.435258091130713,0.920962484016669,"21q22.2",0,1,0,0,1,0,0,0,0,"brain",2
"ENSG00000171791","ENSG00000171791","BCL2","BCL2, apoptosis regulator ","18","q21.33",5,-0.608226036495563,1.17500646029488,-0.337859605357765,"18q21.33",1,1,0,0,0,0,0,0,0,"blood",2
"ENSG00000176014","ENSG00000176014","TUBB6","tubulin beta 6 class V ","18","p11.21",5,0.697759131341673,1.18319194152462,0.643530948058818,"18p11.21",0,1,1,0,0,0,0,1,1,"others",4
"ENSG00000176463","ENSG00000176463","SLCO3A1","solute carrier organic anion transporter family member 3A1 ","15","q26.1",5,-0.85725049804141,2.94467496042175,0.198948237936896,"15q26.1",1,0,0,0,0,0,0,1,0,"blood",2
"ENSG00000176490","ENSG00000176490","DIRAS1","DIRAS family GTPase 1 ","19","p13.3",5,-1.52309976568847,0.535807241576659,-1.50329750299505,"19p13.3",1,1,0,0,0,0,0,0,0,"brain",2
"ENSG00000179639","ENSG00000179639","FCER1A","Fc fragment of IgE receptor Ia ","1","q23.2",5,3.84927113469801,1.28802935367277,4.16251995066788,"1q23.2",1,0,0,0,0,0,0,0,0,"blood",1
"ENSG00000180530","ENSG00000180530","NRIP1","nuclear receptor interacting protein 1 ","21","q21.1",5,1.02856543389434,0.256761651245474,0.996833728421213,"21q21.1",1,1,0,1,0,0,0,0,1,"others",4
"ENSG00000182463","ENSG00000182463","TSHZ2","teashirt zinc finger homeobox 2 ","20","q13.2",5,-0.627985956972436,2.30964391812363,0.41290443128098,"20q13.2",1,1,0,1,0,0,0,0,0,"others",3
"ENSG00000182871","ENSG00000182871","COL18A1","collagen type XVIII alpha 1 chain ","21","q22.3",5,0.986771385397853,1.38398348847991,0.62401501966446,"21q22.3",1,0,0,0,0,0,0,1,1,"others",3
"ENSG00000183347","ENSG00000183347","GBP6","guanylate binding protein family member 6 ","1","p22.2",5,0.944399708709281,0.180528946242796,0.907345260834456,"1p22.2",0,1,0,1,0,0,0,0,0,"brain",2
"ENSG00000184058","ENSG00000184058","TBX1","T-box 1 ","22","q11.21",5,1.01827256572533,4.5812723407598,0.798278034258673,"22q11.21",0,0,0,1,0,0,0,1,0,"fibroblasts",2
"ENSG00000196352","ENSG00000196352","CD55","CD55 molecule (Cromer blood group) ","1","q32.2",5,0.897744913295253,0.713256262416958,0.639573538489871,"1q32.2",1,1,0,1,0,0,0,0,1,"others",4
"ENSG00000196428","ENSG00000196428","TSC22D2","TSC22 domain family member 2 ","3","q25.1",5,-0.60281537479836,0.862338152531707,-0.0528262791113438,"3q25.1",0,1,0,0,0,0,0,1,1,"placenta/amnios",3
"ENSG00000196576","ENSG00000196576","PLXNB2","plexin B2 ","22","q13.33",5,-0.802777846041578,0.76753763489683,-0.669253634750477,"22q13.33",1,0,0,0,0,0,0,1,0,"blood",2
"ENSG00000197971","ENSG00000197971","MBP","myelin basic protein ","18","q23",5,-0.950223079179619,2.95321360939635,-1.87349743217112,"18q23",1,1,0,0,0,0,0,0,0,"others",2
"ENSG00000198743","ENSG00000198743","SLC5A3","solute carrier family 5 member 3 ","21","q22.11",5,0.838917625381457,0.605950821913957,1.19959391918196,"21q22.11",1,0,0,1,0,0,0,0,1,"others",3
"ENSG00000198964","ENSG00000198964","SGMS1","sphingomyelin synthase 1 ","10","q11.23",5,0.962916894353137,1.13748235163291,0.494924799362627,"10q11.23",1,1,0,0,0,0,0,0,1,"iPSCs/ESCs",3
"ENSG00000205929","ENSG00000205929","C21orf62","chromosome 21 open reading frame 62 ","21","q22.11",5,0.896875183353023,1.21258424761195,0.837278446487321,"21q22.11",0,1,0,0,0,0,0,0,0,"brain",1
"ENSG00000244405","ENSG00000244405","ETV5","ETS variant 5 ","3","q27.2",5,-0.829275111244552,0.938154178997831,-0.57156114058582,"3q27.2",0,1,0,0,0,0,0,0,0,"brain",1
"ENSG00000253293","ENSG00000253293","HOXA10","homeobox A10 ","7","p15.2",5,-1.24179015047794,3.63827394412358,-0.75970414573778,"7p15.2",1,0,0,1,0,0,0,0,0,"blood",2
"ENSG00000258405","ENSG00000258405","ZNF578","zinc finger protein 578 ","19","q13.41",5,1.51432695833036,3.69413158579056,1.17823561695186,"19q13.41",0,1,0,0,0,0,0,0,1,"iPSCs/ESCs",2
"ENSG00000262938","ENSG00000262938","C21orf62","chromosome 21 open reading frame 62 ","21","",5,0.983041762467046,0.580685117361697,1.24619974982181,"21",0,1,0,0,0,0,0,0,0,"brain",1
"ENSG00000000971","ENSG00000000971","CFH","complement factor H ","1","q31.3",4,1.56484100560379,1.22003095630833,2.04681086423429,"1q31.3",1,0,0,1,0,0,0,0,0,"others",2
"ENSG00000003989","ENSG00000003989","SLC7A2","solute carrier family 7 member 2 ","8","p22",4,1.66401093373787,1.78591222297392,0.959104555220264,"8p22",0,1,0,1,0,0,0,0,0,"others",2
"ENSG00000010803","ENSG00000010803","SCMH1","Scm polycomb group protein homolog 1 ","1","p34.2",4,-0.804716344586958,0.248041765424203,-0.847297491857835,"1p34.2",1,1,0,0,0,0,0,0,0,"others",2
"ENSG00000011405","ENSG00000011405","PIK3C2A","phosphatidylinositol-4-phosphate 3-kinase catalytic subunit type 2 alpha ","11","p15.1",4,-0.0802961435926095,1.21193525005896,-0.190286120267759,"11p15.1",0,1,1,0,0,0,0,1,1,"others",4
"ENSG00000012124","ENSG00000012124","CD22","CD22 molecule ","19","q13.12",4,-1.5552878167526,0.491472479322585,-1.36526529205874,"19q13.12",1,0,0,0,0,0,0,0,0,"blood",1
"ENSG00000018408","ENSG00000018408","WWTR1","WW domain containing transcription regulator 1 ","3","q25.1",4,-0.0376552696465415,1.86504178315153,-0.322656132992538,"3q25.1",1,1,0,0,0,0,0,0,0,"others",2
"ENSG00000019582","ENSG00000019582","CD74","CD74 molecule ","5","q33.1",4,1.41197904270856,0.489617585271491,1.53032258877909,"5q33.1",1,1,0,0,0,0,0,1,0,"others",3
"ENSG00000022355","ENSG00000022355","GABRA1","gamma-aminobutyric acid type A receptor alpha1 subunit ","5","q34",4,1.98119194506979,1.9767366324836,1.79577206214614,"5q34",1,0,0,0,0,0,0,0,0,"blood",1
"ENSG00000029534","ENSG00000029534","ANK1","ankyrin 1 ","8","p11.21",4,1.49123931802676,2.38984160268808,0.400760087385588,"8p11.21",1,0,0,0,0,0,0,0,0,"blood",1
"ENSG00000035403","ENSG00000035403","VCL","vinculin ","10","q22.2",4,0.870818645129174,0.416815468983251,0.978586443237923,"10q22.2",1,0,1,0,0,0,0,0,1,"others",3
"ENSG00000053438","ENSG00000053438","NNAT","neuronatin ","20","q11.23",4,1.74376321577667,3.81618194323217,1.33398040602063,"20q11.23",0,1,0,0,0,0,0,0,1,"iPSCs/ESCs",2
"ENSG00000054219","ENSG00000054219","LY75","lymphocyte antigen 75 ","2","q24.2",4,0.289806150949538,5.89944536030371,0.519159203422532,"2q24.2",1,0,0,0,0,0,0,0,1,"iPSCs/ESCs",2
"ENSG00000054983","ENSG00000054983","GALC","galactosylceramidase ","14","q31.3",4,-0.28512491575319,3.51096000078205,-1.15493795368109,"14q31.3",1,0,0,0,0,0,0,0,0,"blood",1
"ENSG00000055118","ENSG00000055118","KCNH2","potassium voltage-gated channel subfamily H member 2 ","7","q36.1",4,-0.00898722779576988,1.5517173097251,-0.0345034981873323,"7q36.1",1,0,0,0,0,0,0,0,0,"blood",1
"ENSG00000057294","ENSG00000057294","PKP2","plakophilin 2 ","12","p11.21",4,-0.0883317515859056,1.85238616709391,0.390923852848681,"12p11.21",0,0,0,1,0,0,0,0,1,"iPSCs/ESCs",2
"ENSG00000057657","ENSG00000057657","PRDM1","PR/SET domain 1 ","6","q21",4,1.15267714335914,1.87276359024825,0.262810630934596,"6q21",1,1,0,1,0,0,0,0,1,"others",4
"ENSG00000064225","ENSG00000064225","ST3GAL6","ST3 beta-galactoside alpha-2,3-sialyltransferase 6 ","3","q12.1",4,1.31989129647509,3.23426110201244,0.0671951605946402,"3q12.1",1,0,0,1,0,0,0,0,1,"others",3
"ENSG00000067167","ENSG00000067167","TRAM1","translocation associated membrane protein 1 ","8","q13.3",4,0.788466534123093,0.901585631204775,0.546591994201193,"8q13.3",1,1,0,0,0,0,0,1,1,"others",4
"ENSG00000067182","ENSG00000067182","TNFRSF1A","TNF receptor superfamily member 1A ","12","p13.31",4,-0.887776590495215,0.475343585426469,-1.09968943760477,"12p13.31",1,0,0,0,0,0,0,0,1,"others",2
"ENSG00000068831","ENSG00000068831","RASGRP2","RAS guanyl releasing protein 2 ","11","q13.1",4,1.06731759711755,0.541636065066453,1.14335654030121,"11q13.1",1,1,0,0,0,0,0,0,1,"iPSCs/ESCs",3
"ENSG00000070214","ENSG00000070214","SLC44A1","solute carrier family 44 member 1 ","9","q31.1",4,-0.0134267120393207,1.52489141304497,-0.0851841358378668,"9q31.1",1,0,0,0,0,0,0,0,1,"iPSCs/ESCs",2
"ENSG00000071967","ENSG00000071967","CYBRD1","cytochrome b reductase 1 ","2","q31.1",4,0.913060183350145,0.384372929850959,1.07018255032147,"2q31.1",1,1,0,0,0,0,0,0,0,"others",2
"ENSG00000072110","ENSG00000072110","ACTN1","actinin alpha 1 ","14","q24.1",4,-0.757119735947668,1.24126196370226,-0.200276735101705,"14q24.1",1,0,0,0,0,0,0,0,1,"others",2
"ENSG00000072952","ENSG00000072952","MRVI1","murine retrovirus integration site 1 homolog ","11","p15.4",4,0.856149823152739,1.1885064770977,0.38495311223728,"11p15.4",0,1,0,1,0,0,0,1,0,"others",3
"ENSG00000073464","ENSG00000073464","CLCN4","chloride voltage-gated channel 4 ","X","p22.2",4,-1.03015404127703,2.13446018650316,-0.821156865798415,"Xp22.2",1,0,1,0,1,0,0,1,0,"others",4
"ENSG00000073792","ENSG00000073792","IGF2BP2","insulin like growth factor 2 mRNA binding protein 2 ","3","q27.2",4,-2.920498381931,1.74732127036314,-2.88520289425625,"3q27.2",1,0,0,0,0,0,0,0,0,"blood",1
"ENSG00000073921","ENSG00000073921","PICALM","phosphatidylinositol binding clathrin assembly protein ","11","q14.2",4,1.37681861393743,1.15900331241442,0.906088123499923,"11q14.2",1,1,0,0,0,0,0,1,0,"others",3
"ENSG00000075151","ENSG00000075151","EIF4G3","eukaryotic translation initiation factor 4 gamma 3 ","1","p36.12",4,-0.86680394034307,1.3721095159757,-0.213751866418925,"1p36.12",1,1,0,0,0,0,0,1,0,"others",3
"ENSG00000075340","ENSG00000075340","ADD2","adducin 2 ","2","p13.3",4,-0.951195679811449,1.47936428332376,-0.32081195673943,"2p13.3",1,1,0,0,0,0,0,0,0,"others",2
"ENSG00000077080","ENSG00000077080","ACTL6B","actin like 6B ","7","q22.1",4,0.794266752832155,1.30881998116111,0.65276566442258,"7q22.1",0,1,0,0,0,0,0,1,1,"others",3
"ENSG00000077238","ENSG00000077238","IL4R","interleukin 4 receptor ","16","p12.1",4,-0.0803948697064265,0.921512637228731,-0.116088890863995,"16p12.1",1,1,0,0,0,0,0,0,0,"others",2
"ENSG00000078018","ENSG00000078018","MAP2","microtubule associated protein 2 ","2","q34",4,1.03871011345918,2.98586424050328,0.111797626172761,"2q34",0,0,0,1,0,0,0,1,1,"iPSCs/ESCs",3
"ENSG00000078328","ENSG00000078328","RBFOX1","RNA binding fox-1 homolog 1 ","16","p13.3",4,0.0681331688130595,1.95014972391077,0.104124606021643,"16p13.3",1,1,0,0,0,1,0,0,1,"others",4
"ENSG00000079950","ENSG00000079950","STX7","syntaxin 7 ","6","q23.2",4,-0.817705121484527,0.836868677773001,-0.443355380562707,"6q23.2",1,0,0,0,0,0,0,0,1,"others",2
"ENSG00000082213","ENSG00000082213","C5orf22","chromosome 5 open reading frame 22 ","5","p13.3",4,0.678719456716347,0.980166741025375,0.411736238743602,"5p13.3",0,1,0,0,0,0,0,0,1,"others",2
"ENSG00000083290","ENSG00000083290","ULK2","unc-51 like autophagy activating kinase 2 ","17","p11.2",4,-0.144322503317252,1.65945308834563,0.0699389471158143,"17p11.2",1,0,0,0,0,0,0,1,0,"others",2
"ENSG00000083844","ENSG00000083844","ZNF264","zinc finger protein 264 ","19","q13.43",4,0.045885506737088,1.40338988204891,-0.0780473395292776,"19q13.43",1,0,1,0,0,0,0,1,0,"others",3
"ENSG00000085831","ENSG00000085831","TTC39A","tetratricopeptide repeat domain 39A ","1","p32.3",4,-0.736441317222163,1.04351691586348,-0.43435881437058,"1p32.3",1,1,0,0,0,0,0,1,0,"others",3
"ENSG00000088205","ENSG00000088205","DDX18","DEAD-box helicase 18 ","2","q14.1",4,0.0275321677766405,0.816049790526322,-0.0359516808086107,"2q14.1",0,1,0,0,0,0,0,0,1,"others",2
"ENSG00000088387","ENSG00000088387","DOCK9","dedicator of cytokinesis 9 ","13","q32.3",4,1.0031790425603,0.668530651047877,1.20451842800498,"13q32.3",1,0,0,0,0,0,0,0,1,"others",2
"ENSG00000089916","ENSG00000089916","GPATCH2L","G-patch domain containing 2 like ","14","q24.3",4,-0.627787175120277,0.828061416308312,-0.417628139700157,"14q24.3",1,1,0,0,0,0,0,1,1,"others",4
"ENSG00000090060","ENSG00000090060","PAPOLA","poly(A) polymerase alpha ","14","q32.2",4,0.550986417293799,1.63601468864899,0.403566581498332,"14q32.2",1,0,0,0,0,0,0,1,1,"placenta/amnios",3
"ENSG00000091483","ENSG00000091483","FH","fumarate hydratase ","1","q43",4,-0.692077708088714,1.08120042667617,-0.224907327686974,"1q43",1,1,0,0,0,0,0,0,0,"others",2
"ENSG00000096384","ENSG00000096384","HSP90AB1","heat shock protein 90 alpha family class B member 1 ","6","p21.1",4,-0.00809278864681939,1.53236509490981,0.214331849898483,"6p21.1",1,0,1,0,0,0,0,0,0,"others",2
"ENSG00000100201","ENSG00000100201","DDX17","DEAD-box helicase 17 ","22","q13.1",4,0.0204352509267349,1.80841476510061,0.277835835911693,"22q13.1",1,1,0,0,0,0,0,0,1,"iPSCs/ESCs",3
"ENSG00000100448","ENSG00000100448","CTSG","cathepsin G ","14","q12",4,0.759540546990849,2.90843788706474,-0.318864292192337,"14q12",1,1,0,0,0,0,0,0,0,"others",2
"ENSG00000100979","ENSG00000100979","PLTP","phospholipid transfer protein ","20","q13.12",4,0.109887564724799,1.50796587108015,-0.0399907297511327,"20q13.12",1,1,0,0,0,0,0,0,0,"others",2
"ENSG00000101144","ENSG00000101144","BMP7","bone morphogenetic protein 7 ","20","q13.31",4,-0.798960784247524,1.21743123236763,-0.711102721237531,"20q13.31",1,1,0,0,0,0,0,0,1,"others",3
"ENSG00000101191","ENSG00000101191","DIDO1","death inducer-obliterator 1 ","20","q13.33",4,-0.010351026152007,0.939233376633228,-0.139391666271269,"20q13.33",1,0,0,0,0,0,0,1,1,"others",3
"ENSG00000101276","ENSG00000101276","SLC52A3","solute carrier family 52 member 3 ","20","p13",4,-1.0991398503322,1.15332279352782,-0.881889292726338,"20p13",0,1,0,0,0,0,0,0,1,"others",2
"ENSG00000101292","ENSG00000101292","PROKR2","prokineticin receptor 2 ","20","p12.3",4,1.02249093618162,0.368779002190468,1.02249093618162,"20p12.3",0,1,0,0,0,0,0,0,0,"brain",1
"ENSG00000101439","ENSG00000101439","CST3","cystatin C ","20","p11.21",4,-0.916069418514637,1.10297663829507,-0.656967630856876,"20p11.21",1,1,0,0,0,0,0,0,1,"others",3
"ENSG00000101444","ENSG00000101444","AHCY","adenosylhomocysteinase ","20","q11.22",4,0.723985728928986,1.2156380192339,0.296703713170992,"20q11.22",1,0,0,0,0,0,0,0,0,"blood",1
"ENSG00000103647","ENSG00000103647","CORO2B","coronin 2B ","15","q23",4,-0.911962717639059,0.342896776124451,-0.999238991208661,"15q23",1,1,0,1,0,0,0,0,0,"others",3
"ENSG00000104343","ENSG00000104343","UBE2W","ubiquitin conjugating enzyme E2 W ","8","q21.11",4,0.00152872815392513,0.788440423440168,0.0545435287388942,"8q21.11",1,1,0,0,0,0,0,0,0,"others",2
"ENSG00000104763","ENSG00000104763","ASAH1","N-acylsphingosine amidohydrolase 1 ","8","p22",4,1.27629677626068,0.618138172887384,1.37641545854688,"8p22",1,0,0,0,0,0,0,0,0,"blood",1
"ENSG00000104899","ENSG00000104899","AMH","anti-Mullerian hormone ","19","p13.3",4,1.44142851927718,0.459531532815675,1.408987331446,"19p13.3",1,0,0,1,0,0,0,0,1,"others",3
"ENSG00000105223","ENSG00000105223","PLD3","phospholipase D family member 3 ","19","q13.2",4,-1.01089068924513,1.08325543593607,-0.812206415337658,"19q13.2",1,1,0,0,0,0,0,0,0,"others",2
"ENSG00000105723","ENSG00000105723","GSK3A","glycogen synthase kinase 3 alpha ","19","q13.2",4,-0.932153282595996,0.0892857750952719,-0.91964678002437,"19q13.2",1,1,0,0,0,0,0,0,0,"others",2
"ENSG00000105856","ENSG00000105856","HBP1","HMG-box transcription factor 1 ","7","q22.3",4,0.955645376944205,0.503528362034964,1.14545250067345,"7q22.3",0,1,0,0,0,0,0,0,1,"others",2
"ENSG00000106327","ENSG00000106327","TFR2","transferrin receptor 2 ","7","q22.1",4,2.35075238823821,0.897714563757501,2.58070415849295,"7q22.1",1,0,0,0,0,0,0,0,0,"blood",1
"ENSG00000106624","ENSG00000106624","AEBP1","AE binding protein 1 ","7","p13",4,-0.952694846874708,1.69140674494092,-1.18001116844858,"7p13",1,0,0,1,0,0,0,0,0,"others",2
"ENSG00000107249","ENSG00000107249","GLIS3","GLIS family zinc finger 3 ","9","p24.2",4,0.959969267604494,1.35599969167278,0.380360229463212,"9p24.2",0,1,0,0,0,0,0,0,0,"brain",1
"ENSG00000108515","ENSG00000108515","ENO3","enolase 3 ","17","p13.2",4,-0.0963458858123804,1.15437730941639,-0.13477843713651,"17p13.2",0,1,0,1,0,0,0,1,0,"others",3
"ENSG00000108582","ENSG00000108582","CPD","carboxypeptidase D ","17","q11.2",4,-0.118930605224524,1.05921114701936,-0.18722892841326,"17q11.2",1,1,0,0,0,0,0,0,1,"iPSCs/ESCs",3
"ENSG00000108798","ENSG00000108798","ABI3","ABI family member 3 ","17","q21.32",4,0.649645821430724,0.979318839883458,0.481964979032265,"17q21.32",1,1,1,0,0,0,0,0,0,"others",3
"ENSG00000109436","ENSG00000109436","TBC1D9","TBC1 domain family member 9 ","4","q31.21",4,-1.89871978015236,1.61584896540506,-2.24175998035379,"4q31.21",1,0,0,0,0,0,0,0,1,"others",2
"ENSG00000109452","ENSG00000109452","INPP4B","inositol polyphosphate-4-phosphatase type II B ","4","q31.21",4,0.774838428042353,1.21366352507816,0.438361886116717,"4q31.21",0,1,0,1,0,0,0,1,0,"others",3
"ENSG00000110148","ENSG00000110148","CCKBR","cholecystokinin B receptor ","11","p15.4",4,0.298346425012737,1.21230509773457,0.175375403462859,"11p15.4",0,1,0,0,0,0,0,0,0,"brain",1
"ENSG00000110195","ENSG00000110195","FOLR1","folate receptor 1 ","11","q13.4",4,0.955181946312999,0.188481465452556,0.966543340551709,"11q13.4",1,1,0,0,0,0,0,0,1,"others",3
"ENSG00000111058","ENSG00000111058","ACSS3","acyl-CoA synthetase short chain family member 3 ","12","q21.31",4,0.796808607851239,0.161173722898944,0.811766181895351,"12q21.31",0,1,0,1,0,0,0,0,0,"others",2
"ENSG00000111275","ENSG00000111275","ALDH2","aldehyde dehydrogenase 2 family member ","12","q24.12",4,1.12664246723363,0.664178113596844,1.24224299455491,"12q24.12",1,1,1,0,0,0,0,0,0,"others",3
"ENSG00000111424","ENSG00000111424","VDR","vitamin D receptor ","12","q13.11",4,1.1090663487572,1.48504982418456,1.64675475959863,"12q13.11",1,1,1,0,0,0,0,0,0,"others",3
"ENSG00000111783","ENSG00000111783","RFX4","regulatory factor X4 ","12","q23.3",4,0.620750405818995,4.31196720207128,-1.4229432251534,"12q23.3",0,1,0,0,0,0,0,0,1,"others",2
"ENSG00000112290","ENSG00000112290","WASF1","WAS protein family member 1 ","6","q21",4,-1.07436756990252,0.531388335908937,-1.11853509192156,"6q21",1,1,0,1,0,0,0,0,0,"others",3
"ENSG00000112531","ENSG00000112531","QKI","QKI, KH domain containing RNA binding ","6","q26",4,0.0587367290020993,1.07796777315297,0.284668539212846,"6q26",1,1,0,0,0,0,0,0,1,"others",3
"ENSG00000113140","ENSG00000113140","SPARC","secreted protein acidic and cysteine rich ","5","q33.1",4,1.34741138031975,2.82533456101608,0.62428478198292,"5q33.1",1,1,0,0,0,0,0,0,1,"iPSCs/ESCs",3
"ENSG00000113648","ENSG00000113648","H2AFY","H2A histone family member Y ","5","q31.1",4,-0.872634206860222,0.964162424635893,-0.706483988740561,"5q31.1",1,1,0,0,0,0,0,0,1,"others",3
"ENSG00000113721","ENSG00000113721","PDGFRB","platelet derived growth factor receptor beta ","5","q32",4,-0.0413716811271286,1.46022821719382,-0.174298799863379,"5q32",1,0,0,0,0,0,0,0,0,"blood",1
"ENSG00000114120","ENSG00000114120","SLC25A36","solute carrier family 25 member 36 ","3","q23",4,-0.824398602407413,1.2436116579263,-0.409493273372797,"3q23",0,1,1,0,0,0,0,0,1,"others",3
"ENSG00000115112","ENSG00000115112","TFCP2L1","transcription factor CP2 like 1 ","2","q14.2",4,1.0698476764141,1.71590229437524,1.15632792537266,"2q14.2",1,1,0,0,0,0,0,0,1,"iPSCs/ESCs",3
"ENSG00000115306","ENSG00000115306","SPTBN1","spectrin beta, non-erythrocytic 1 ","2","p16.2",4,0.83936946625718,1.6082137597883,0.223519496406043,"2p16.2",1,0,0,0,0,0,0,1,0,"others",2
"ENSG00000115414","ENSG00000115414","FN1","fibronectin 1 ","2","q35",4,0.0965001929700581,1.93868193668755,-0.456101095862138,"2q35",1,1,0,0,0,0,0,0,0,"others",2
"ENSG00000115756","ENSG00000115756","HPCAL1","hippocalcin like 1 ","2","p25.1",4,-0.818599125078732,0.812261389884786,-0.495358750567928,"2p25.1",1,0,0,1,0,0,0,0,0,"others",2
"ENSG00000115919","ENSG00000115919","KYNU","kynureninase ","2","q22.2",4,1.77478430075566,0.56655198764121,1.92277468697682,"2q22.2",1,0,0,0,0,0,0,0,1,"others",2
"ENSG00000116120","ENSG00000116120","FARSB","phenylalanyl-tRNA synthetase subunit beta ","2","q36.1",4,0.814409171166347,1.14980034143509,0.419178691272128,"2q36.1",0,1,1,0,0,0,0,0,1,"iPSCs/ESCs",3
"ENSG00000117036","ENSG00000117036","ETV3","ETS variant 3 ","1","q23.1",4,0.135339047517691,1.00609501732647,0.153148064809298,"1q23.1",1,1,0,0,0,0,0,0,1,"others",3
"ENSG00000117143","ENSG00000117143","UAP1","UDP-N-acetylglucosamine pyrophosphorylase 1 ","1","q23.3",4,0.129865157315014,1.07645898098668,0.210269286283582,"1q23.3",1,1,0,0,0,0,0,0,0,"others",2
"ENSG00000118454","ENSG00000118454","ANKRD13C","ankyrin repeat domain 13C ","1","p31.1",4,0.766504786225732,0.868606235549879,0.441656315244296,"1p31.1",0,1,0,0,0,0,0,1,1,"placenta/amnios",3
"ENSG00000118523","ENSG00000118523","CTGF","connective tissue growth factor ","6","q23.2",4,-2.01214015318976,2.47611268008885,-1.29018164869178,"6q23.2",1,0,0,0,0,0,0,0,1,"others",2
"ENSG00000119917","ENSG00000119917","IFIT3","interferon induced protein with tetratricopeptide repeats 3 ","10","q23.31",4,0.915596297221724,0.0128536163428843,0.915596297221724,"10q23.31",0,1,0,0,0,0,0,0,0,"brain",1
"ENSG00000121413","ENSG00000121413","ZSCAN18","zinc finger and SCAN domain containing 18 ","19","q13.43",4,-1.07366214228156,1.4085332163056,-0.573808123609862,"19q13.43",1,0,0,0,0,0,0,1,0,"others",2
"ENSG00000121552","ENSG00000121552","CSTA","cystatin A ","3","q21.1",4,1.81623987450413,0.622847425261337,1.74913240213167,"3q21.1",1,0,1,0,0,1,0,0,0,"others",3
"ENSG00000121742","ENSG00000121742","GJB6","gap junction protein beta 6 ","13","q12.11",4,1.64239903159137,0.241239915108342,1.66873487185008,"13q12.11",1,1,0,0,0,0,0,0,0,"others",2
"ENSG00000123191","ENSG00000123191","ATP7B","ATPase copper transporting beta ","13","q14.3",4,1.40609286051087,0.991540798837342,1.78588194315178,"13q14.3",1,0,0,0,0,0,0,1,0,"others",2
"ENSG00000124882","ENSG00000124882","EREG","epiregulin ","4","q13.3",4,0.769615724066947,1.82937120911251,0.451095005594003,"4q13.3",1,0,0,1,0,0,0,0,1,"iPSCs/ESCs",3
"ENSG00000125835","ENSG00000125835","SNRPB","small nuclear ribonucleoprotein polypeptides B and B1 ","20","p13",4,-0.262976875121541,1.12897421857608,-0.350264250676818,"20p13",1,1,0,0,0,0,0,0,0,"others",2
"ENSG00000126821","ENSG00000126821","SGPP1","sphingosine-1-phosphate phosphatase 1 ","14","q23.2",4,1.05129929920168,0.917813200545219,1.36335797999437,"14q23.2",1,0,0,0,0,0,0,1,0,"others",2
"ENSG00000128309","ENSG00000128309","MPST","mercaptopyruvate sulfurtransferase ","22","q12.3",4,0.920499189975638,1.10382207159144,0.473708626716142,"22q12.3",1,0,0,0,0,0,0,0,0,"blood",1
"ENSG00000128626","ENSG00000128626","MRPS12","mitochondrial ribosomal protein S12 ","19","q13.2",4,1.46939015272484,1.81472923858748,1.5163587577543,"19q13.2",1,1,0,0,0,0,0,0,0,"others",2
"ENSG00000128652","ENSG00000128652","HOXD3","homeobox D3 ","2","q31.1",4,0.771374148761218,0.14276909109198,0.795849449134405,"2q31.1",0,1,0,0,0,0,0,0,0,"brain",1
"ENSG00000128923","ENSG00000128923","MINDY2","MINDY lysine 48 deubiquitinase 2 ","15","q21.3",4,-0.0970282772496962,1.19676825017938,-0.310626718909716,"15q21.3",1,1,0,0,0,0,0,1,0,"others",3
"ENSG00000129009","ENSG00000129009","ISLR","immunoglobulin superfamily containing leucine rich repeat ","15","q24.1",4,0.486500009916617,3.72016003599145,-0.743854142645868,"15q24.1",0,0,0,1,0,0,0,1,1,"others",3
"ENSG00000129194","ENSG00000129194","SOX15","SRY-box 15 ","17","p13.1",4,-0.134657138386844,2.82718645652013,0.0195715542913505,"17p13.1",1,1,0,0,0,0,0,0,1,"iPSCs/ESCs",3
"ENSG00000129351","ENSG00000129351","ILF3","interleukin enhancer binding factor 3 ","19","p13.2",4,0.838802766350966,0.36823393812457,0.984901221231587,"19p13.2",1,0,1,0,0,0,0,0,0,"others",2
"ENSG00000130303","ENSG00000130303","BST2","bone marrow stromal cell antigen 2 ","19","p13.11",4,3.08947723205352,1.15714738398373,2.7419087180317,"19p13.11",0,1,0,1,0,0,0,1,1,"others",4
"ENSG00000130702","ENSG00000130702","LAMA5","laminin subunit alpha 5 ","20","q13.33",4,1.43221932554464,2.53261336538392,1.01020139587412,"20q13.33",1,0,0,1,0,0,0,0,0,"others",2
"ENSG00000132000","ENSG00000132000","PODNL1","podocan like 1 ","19","p13.12",4,0.0614405567136916,1.07758465864305,0.0805586306870038,"19p13.12",1,1,0,1,0,0,0,0,0,"others",3
"ENSG00000132185","ENSG00000132185","FCRLA","Fc receptor like A ","1","q23.3",4,-0.395932717738704,1.46610937461034,-0.428772317165573,"1q23.3",1,1,0,1,0,0,0,0,0,"others",3
"ENSG00000132205","ENSG00000132205","EMILIN2","elastin microfibril interfacer 2 ","18","p11.32",4,0.0826850637963142,1.31177190181194,0.286666658225133,"18p11.32",1,0,0,1,0,0,0,1,0,"others",3
"ENSG00000132256","ENSG00000132256","TRIM5","tripartite motif containing 5 ","11","p15.4",4,0.641334339711918,0.134810639439934,0.686667572789621,"11p15.4",1,1,0,1,0,0,0,0,0,"others",3
"ENSG00000132386","ENSG00000132386","SERPINF1","serpin family F member 1 ","17","p13.3",4,1.38097805485592,3.00385185823529,0.699240274373523,"17p13.3",1,0,0,0,0,0,0,0,0,"blood",1
"ENSG00000132792","ENSG00000132792","CTNNBL1","catenin beta like 1 ","20","q11.23",4,1.50807979821941,2.31074214273236,1.09593001950572,"20q11.23",1,1,0,0,0,0,0,0,0,"others",2
"ENSG00000133742","ENSG00000133742","CA1","carbonic anhydrase 1 ","8","q21.2",4,1.98084165300776,0.92273985435174,1.93725822035653,"8q21.2",1,1,0,0,0,0,0,0,0,"others",2
"ENSG00000134121","ENSG00000134121","CHL1","cell adhesion molecule L1 like ","3","p26.3",4,-0.464557039566158,1.31823992585454,-0.431500618389353,"3p26.3",1,1,0,1,0,0,0,0,0,"others",3
"ENSG00000134363","ENSG00000134363","FST","follistatin ","5","q11.2",4,-0.828690700886881,1.87216052748947,-1.21999837572755,"5q11.2",1,0,0,0,0,0,0,1,1,"others",3
"ENSG00000134369","ENSG00000134369","NAV1","neuron navigator 1 ","1","q32.1",4,0.222850862097723,1.35270219611453,0.239011226132725,"1q32.1",1,0,0,0,0,0,0,0,0,"blood",1
"ENSG00000134602","ENSG00000134602","STK26","serine/threonine kinase 26 ","X","q26.2",4,0.0333602115018688,1.44785164012203,0.295329800340509,"Xq26.2",1,0,0,0,0,0,0,0,1,"others",2
"ENSG00000134852","ENSG00000134852","CLOCK","clock circadian regulator ","4","q12",4,0.159635126242684,1.04726769541806,0.155917019253153,"4q12",0,1,1,0,0,0,0,0,0,"others",2
"ENSG00000134986","ENSG00000134986","NREP","neuronal regeneration related protein ","5","q22.1",4,-1.20327606583019,0.451279111161722,-1.27559432576989,"5q22.1",1,0,0,1,0,0,0,0,0,"others",2
"ENSG00000135046","ENSG00000135046","ANXA1","annexin A1 ","9","q21.13",4,-0.521229452469933,3.29970154355806,0.0410779737759845,"9q21.13",1,0,0,0,0,0,0,0,1,"others",2
"ENSG00000135387","ENSG00000135387","CAPRIN1","cell cycle associated protein 1 ","11","p13",4,0.862092114971926,0.813483861612841,0.488334891470412,"11p13",1,1,0,0,0,0,0,1,1,"others",4
"ENSG00000135837","ENSG00000135837","CEP350","centrosomal protein 350 ","1","q25.2",4,-0.849781436458352,1.42029368293695,-0.586955859808511,"1q25.2",1,0,1,0,0,0,0,0,1,"others",3
"ENSG00000135913","ENSG00000135913","USP37","ubiquitin specific peptidase 37 ","2","q35",4,-0.989472681872305,0.449475869019822,-0.989214929388203,"2q35",1,1,1,0,0,0,0,0,0,"others",3
"ENSG00000136514","ENSG00000136514","RTP4","receptor transporter protein 4 ","3","q27.3",4,0.776587229800774,0.0958435026172337,0.766088357312354,"3q27.3",0,1,0,0,0,0,0,0,0,"brain",1
"ENSG00000136628","ENSG00000136628","EPRS","glutamyl-prolyl-tRNA synthetase ","1","q41",4,1.43084696704791,0.992050013338246,1.7409025085837,"1q41",1,0,0,0,0,0,0,0,1,"iPSCs/ESCs",2
"ENSG00000136960","ENSG00000136960","ENPP2","ectonucleotide pyrophosphatase/phosphodiesterase 2 ","8","q24.12",4,-0.173385805034685,2.84807476337329,0.0688195789639736,"8q24.12",1,0,1,0,0,0,0,0,1,"others",3
"ENSG00000137710","ENSG00000137710","RDX","radixin ","11","q22.3",4,0.85790757425478,0.320614184859871,0.949202793809266,"11q22.3",0,1,0,0,0,0,0,1,1,"iPSCs/ESCs",3
"ENSG00000137726","ENSG00000137726","FXYD6","FXYD domain containing ion transport regulator 6 ","11","q23.3",4,0.33499134669551,1.90631838027955,0.802536660624225,"11q23.3",1,0,0,0,0,0,0,1,1,"others",3
"ENSG00000139567","ENSG00000139567","ACVRL1","activin A receptor like type 1 ","12","q13.13",4,0.70434894635636,0.703680754399824,0.434629787501253,"12q13.13",0,1,0,1,0,0,0,0,0,"others",2
"ENSG00000139626","ENSG00000139626","ITGB7","integrin subunit beta 7 ","12","q13.13",4,0.672828148287661,0.536354307498422,0.923481457186544,"12q13.13",1,0,0,0,0,0,0,0,0,"blood",1
"ENSG00000139644","ENSG00000139644","TMBIM6","transmembrane BAX inhibitor motif containing 6 ","12","q13.12",4,-0.02259502984938,0.851654347495191,0.0438277788939246,"12q13.12",1,1,0,0,0,0,0,0,0,"others",2
"ENSG00000139679","ENSG00000139679","LPAR6","lysophosphatidic acid receptor 6 ","13","q14.2",4,-1.42064869289092,1.69421755495273,-0.847646937726203,"13q14.2",0,0,0,1,0,0,0,1,1,"iPSCs/ESCs",3
"ENSG00000139910","ENSG00000139910","NOVA1","NOVA alternative splicing regulator 1 ","14","q12",4,0.297440311592358,1.86722043520638,0.0481271915320104,"14q12",1,0,0,1,0,0,0,0,1,"others",3
"ENSG00000140105","ENSG00000140105","WARS","tryptophanyl-tRNA synthetase ","14","q32.2",4,0.705077277031548,2.07883779906778,0.680982962426286,"14q32.2",1,0,1,0,0,0,0,0,0,"others",2
"ENSG00000140836","ENSG00000140836","ZFHX3","zinc finger homeobox 3 ","16","q22.3",4,-0.854386885090728,1.58402177186419,-0.646335308323162,"16q22.3",1,0,0,0,0,0,0,1,0,"others",2
"ENSG00000142197","ENSG00000142197","DOP1B","DOP1 leucine zipper like protein B ","21","q22.12",4,0.644412661690728,0.036301168260529,0.641157949597376,"21q22.12",1,1,0,1,0,0,0,0,0,"others",3
"ENSG00000142599","ENSG00000142599","RERE","arginine-glutamic acid dipeptide repeats ","1","p36.23",4,0.0317893864741636,0.753039219858066,0.0388208647233541,"1p36.23",1,0,0,0,0,0,0,0,1,"iPSCs/ESCs",2
"ENSG00000143183","ENSG00000143183","TMCO1","transmembrane and coiled-coil domains 1 ","1","q24.1",4,0.893577352212608,0.843739368389359,0.505619026032274,"1q24.1",1,0,0,0,0,0,0,0,1,"others",2
"ENSG00000143226","ENSG00000143226","FCGR2A","Fc fragment of IgG receptor IIa ","1","q23.3",4,0.884208979983896,1.00951873283915,0.563035086323592,"1q23.3",1,1,0,0,0,0,0,0,0,"others",2
"ENSG00000143401","ENSG00000143401","ANP32E","acidic nuclear phosphoprotein 32 family member E ","1","q21.2",4,0.91383479029329,1.39406906079917,0.496813932668194,"1q21.2",1,0,0,0,0,0,0,0,1,"others",2
"ENSG00000143514","ENSG00000143514","TP53BP2","tumor protein p53 binding protein 2 ","1","q41",4,0.669632758833528,0.0516347608077996,0.669858550146436,"1q41",1,1,0,0,0,0,0,0,0,"others",2
"ENSG00000143995","ENSG00000143995","MEIS1","Meis homeobox 1 ","2","p14",4,-1.2262669906703,1.57342197136354,-0.719220568804404,"2p14",1,1,0,0,0,0,0,0,0,"others",2
"ENSG00000144218","ENSG00000144218","AFF3","AF4/FMR2 family member 3 ","2","q11.2",4,-2.84000744520318,3.18927044031535,-2.04685651324249,"2q11.2",1,0,0,0,0,0,0,0,1,"others",2
"ENSG00000144355","ENSG00000144355","DLX1","distal-less homeobox 1 ","2","q31.1",4,-2.61662804392906,2.66247299401174,-3.50309627666594,"2q31.1",0,0,0,1,0,0,0,0,1,"iPSCs/ESCs",2
"ENSG00000144597","ENSG00000144597","EAF1","ELL associated factor 1 ","3","p25.1",4,-0.863063805396362,0.26543223449114,-0.879542771840652,"3p25.1",1,1,0,0,0,0,0,0,0,"others",2
"ENSG00000145632","ENSG00000145632","PLK2","polo like kinase 2 ","5","q11.2",4,-0.850458066878682,2.82614670069456,0.486369043290225,"5q11.2",1,1,0,0,0,0,0,0,1,"others",3
"ENSG00000145920","ENSG00000145920","CPLX2","complexin 2 ","5","q35.2",4,0.0912752705094977,1.25428210598975,0.0527229361501653,"5q35.2",1,1,0,0,0,0,0,0,0,"others",2
"ENSG00000147050","ENSG00000147050","KDM6A","lysine demethylase 6A ","X","p11.3",4,-0.0457005434901809,0.825468124567715,-0.0449529090552832,"Xp11.3",1,1,0,1,0,0,0,0,1,"others",4
"ENSG00000148218","ENSG00000148218","ALAD","aminolevulinate dehydratase ","9","q32",4,0.835449993263003,1.25634351360762,0.376771951831548,"9q32",1,0,0,0,0,0,0,0,0,"blood",1
"ENSG00000148737","ENSG00000148737","TCF7L2","transcription factor 7 like 2 ","10","q25.2",4,-1.48582809356349,0.394372184899398,-1.33733409860936,"10q25.2",1,0,0,0,0,0,0,0,0,"blood",1
"ENSG00000149131","ENSG00000149131","SERPING1","serpin family G member 1 ","11","q12.1",4,0.675428736120008,1.36307310199848,-0.00325646659428358,"11q12.1",1,1,0,0,0,0,0,0,0,"others",2
"ENSG00000149294","ENSG00000149294","NCAM1","neural cell adhesion molecule 1 ","11","q23.2",4,1.17086713563386,2.68930055988772,0.521671262340859,"11q23.2",1,1,0,0,0,0,0,0,1,"others",3
"ENSG00000151276","ENSG00000151276","MAGI1","membrane associated guanylate kinase, WW and PDZ domain containing 1 ","3","p14.1",4,0.999617649477691,0.953741060537052,0.58221305693052,"3p14.1",1,1,0,0,0,0,0,1,0,"others",3
"ENSG00000151414","ENSG00000151414","NEK7","NIMA related kinase 7 ","1","q31.3",4,-0.0542678690027136,1.07595181747588,0.105705896555378,"1q31.3",1,1,0,0,0,0,0,0,1,"others",3
"ENSG00000152256","ENSG00000152256","PDK1","pyruvate dehydrogenase kinase 1 ","2","q31.1",4,-0.722270639749069,2.54948884261938,0.434234761202921,"2q31.1",1,0,0,0,0,0,0,1,1,"iPSCs/ESCs",3
"ENSG00000153029","ENSG00000153029","MR1","major histocompatibility complex, class I-related ","1","q25.3",4,1.38991821719399,1.53711033508103,1.16123211750303,"1q25.3",1,1,0,0,0,0,0,0,0,"others",2
"ENSG00000154188","ENSG00000154188","ANGPT1","angiopoietin 1 ","8","q23.1",4,-1.29567072014836,1.8925676593649,-0.797067441358561,"8q23.1",1,0,0,1,0,0,0,0,0,"others",2
"ENSG00000154229","ENSG00000154229","PRKCA","protein kinase C alpha ","17","q24.2",4,-0.239471693525251,1.35987473152692,-0.381080269296921,"17q24.2",1,1,0,0,0,0,0,0,1,"others",3
"ENSG00000154639","ENSG00000154639","CXADR","CXADR, Ig-like cell adhesion molecule ","21","q21.1",4,1.34179261513867,0.883947660936267,1.42857314157077,"21q21.1",1,0,0,0,0,0,0,0,1,"others",2
"ENSG00000155158","ENSG00000155158","TTC39B","tetratricopeptide repeat domain 39B ","9","p22.3",4,0.269688347605123,1.26955119233891,0.345290586731807,"9p22.3",1,1,0,0,0,0,0,0,0,"others",2
"ENSG00000155506","ENSG00000155506","LARP1","La ribonucleoprotein domain family member 1 ","5","q33.2",4,0.617658236596745,0.90725629278121,0.54083205108171,"5q33.2",1,1,0,0,0,0,0,0,0,"others",2
"ENSG00000155897","ENSG00000155897","ADCY8","adenylate cyclase 8 ","8","q24.22",4,-2.35587895851393,0.595882801106187,-2.20318977041657,"8q24.22",0,1,0,1,0,0,0,0,1,"iPSCs/ESCs",3
"ENSG00000156738","ENSG00000156738","MS4A1","membrane spanning 4-domains A1 ","11","q12.2",4,-1.03605237549712,0.730798963977043,-1.25115055549781,"11q12.2",1,0,1,0,0,0,0,0,0,"others",2
"ENSG00000157087","ENSG00000157087","ATP2B2","ATPase plasma membrane Ca2+ transporting 2 ","3","p25.3",4,1.49704960111358,1.51585301423259,1.18228303625478,"3p25.3",1,1,0,0,0,0,0,0,0,"others",2
"ENSG00000158710","ENSG00000158710","TAGLN2","transgelin 2 ","1","q23.2",4,-0.156839120229822,1.9101809251402,0.0114823159156147,"1q23.2",1,1,0,0,0,0,0,0,1,"others",3
"ENSG00000159082","ENSG00000159082","SYNJ1","synaptojanin 1 ","21","q22.11",4,0.6319811396168,0.720513992926357,0.327040824040808,"21q22.11",1,0,0,1,0,0,0,0,0,"others",2
"ENSG00000159228","ENSG00000159228","CBR1","carbonyl reductase 1 ","21","q22.12",4,0.782857749845226,0.275582402348905,0.858960122887525,"21q22.12",1,1,0,1,0,0,0,0,0,"others",3
"ENSG00000159388","ENSG00000159388","BTG2","BTG anti-proliferation factor 2 ","1","q32.1",4,-0.659764846977232,0.111323716081083,-0.708467349763672,"1q32.1",1,1,0,0,0,0,0,0,0,"others",2
"ENSG00000160185","ENSG00000160185","UBASH3A","ubiquitin associated and SH3 domain containing A ","21","q22.3",4,0.744577858111501,0.0808245720249754,0.7195481255148,"21q22.3",1,0,0,0,0,0,0,0,0,"blood",1
"ENSG00000160193","ENSG00000160193","WDR4","WD repeat domain 4 ","21","q22.3",4,0.615944321908357,1.46905277850622,-0.0862450719494703,"21q22.3",1,1,0,1,0,0,0,0,0,"others",3
"ENSG00000160199","ENSG00000160199","PKNOX1","PBX/knotted 1 homeobox 1 ","21","q22.3",4,0.671363078225475,0.96502040612503,0.234400008867116,"21q22.3",1,1,0,0,0,0,0,0,0,"others",2
"ENSG00000160218","ENSG00000160218","TRAPPC10","trafficking protein particle complex 10 ","21","q22.3",4,0.835092426434489,0.155711246698929,0.842721740982525,"21q22.3",1,0,0,1,0,0,0,0,0,"others",2
"ENSG00000161133","ENSG00000161133","USP41","ubiquitin specific peptidase 41 ","22","q11.21",4,0.784668124215916,0.0859788135346278,0.784668124215916,"22q11.21",0,1,0,0,0,0,0,0,0,"brain",1
"ENSG00000161203","ENSG00000161203","AP2M1","adaptor related protein complex 2 subunit mu 1 ","3","q27.1",4,-0.031824115878504,0.852014832243271,0.0343175498991568,"3q27.1",0,1,0,0,0,0,0,0,0,"brain",1
"ENSG00000161544","ENSG00000161544","CYGB","cytoglobin ","17","q25.1",4,0.913324029886597,1.65681317250029,0.564100724484472,"17q25.1",1,1,0,1,0,0,0,0,0,"others",3
"ENSG00000161638","ENSG00000161638","ITGA5","integrin subunit alpha 5 ","12","q13.13",4,-0.079362895417836,1.30820746726557,-0.284511143591626,"12q13.13",1,1,0,0,0,0,0,0,1,"others",3
"ENSG00000162407","ENSG00000162407","PLPP3","phospholipid phosphatase 3 ","1","p32.2",4,0.707294541221746,0.170092628623705,0.776244669990855,"1p32.2",0,1,0,1,0,0,0,0,0,"others",2
"ENSG00000162729","ENSG00000162729","IGSF8","immunoglobulin superfamily member 8 ","1","q23.2",4,-0.837744800749094,0.264410852972875,-0.838672163855133,"1q23.2",0,1,0,0,0,0,0,0,0,"brain",1
"ENSG00000162909","ENSG00000162909","CAPN2","calpain 2 ","1","q41",4,-0.0822601870309452,1.52740923294239,-0.423884512840197,"1q41",1,0,0,0,0,0,0,0,1,"iPSCs/ESCs",2
"ENSG00000163110","ENSG00000163110","PDLIM5","PDZ and LIM domain 5 ","4","q22.3",4,1.85595601024478,0.922547318700671,1.81905443588184,"4q22.3",1,1,0,0,0,0,0,0,0,"others",2
"ENSG00000163220","ENSG00000163220","S100A9","S100 calcium binding protein A9 ","1","q21.3",4,0.84427061565447,0.0938440381762594,0.843568507915004,"1q21.3",0,1,0,1,0,1,0,0,0,"others",3
"ENSG00000163406","ENSG00000163406","SLC15A2","solute carrier family 15 member 2 ","3","q13.33",4,0.90104849333156,0.873120328056978,0.595857106119162,"3q13.33",1,1,0,0,0,0,0,0,1,"others",3
"ENSG00000163508","ENSG00000163508","EOMES","eomesodermin ","3","p24.1",4,-2.6882554270786,3.3770960989311,-2.42256006700823,"3p24.1",0,1,0,0,0,0,0,0,1,"iPSCs/ESCs",2
"ENSG00000163686","ENSG00000163686","ABHD6","abhydrolase domain containing 6 ","3","p14.3",4,-1.06126742984037,1.24576691438812,-0.736795520950472,"3p14.3",1,1,0,0,0,0,0,0,0,"others",2
"ENSG00000163751","ENSG00000163751","CPA3","carboxypeptidase A3 ","3","q24",4,0.165366079782994,2.88973925635126,0.685005257911772,"3q24",1,0,0,0,0,0,0,0,1,"others",2
"ENSG00000163947","ENSG00000163947","ARHGEF3","Rho guanine nucleotide exchange factor 3 ","3","p14.3",4,-1.038132823254,1.44057292103455,-0.672460499446114,"3p14.3",1,0,0,1,0,0,0,0,0,"others",2
"ENSG00000164056","ENSG00000164056","SPRY1","sprouty RTK signaling antagonist 1 ","4","q28.1",4,1.46940981104587,0.591836949999669,1.66660719457733,"4q28.1",1,0,0,0,0,0,0,0,0,"blood",1
"ENSG00000164086","ENSG00000164086","DUSP7","dual specificity phosphatase 7 ","3","p21.2",4,-0.22240763250725,1.8587615322168,0.260240694812815,"3p21.2",1,1,0,0,0,0,0,0,0,"others",2
"ENSG00000164089","ENSG00000164089","ETNPPL","ethanolamine-phosphate phospho-lyase ","4","q25",4,1.12323740623685,0.401418773881463,1.13245608653389,"4q25",0,1,0,0,0,0,0,0,0,"brain",1
"ENSG00000164111","ENSG00000164111","ANXA5","annexin A5 ","4","q27",4,1.05658130786691,1.15314671056226,0.723794919909723,"4q27",1,1,0,0,0,0,0,0,0,"others",2
"ENSG00000164120","ENSG00000164120","HPGD","15-hydroxyprostaglandin dehydrogenase ","4","q34.1",4,2.96885210603476,1.95757019086912,2.98370915208664,"4q34.1",1,0,1,0,0,0,0,0,0,"others",2
"ENSG00000164330","ENSG00000164330","EBF1","early B cell factor 1 ","5","q33.3",4,-1.08825532673673,2.71551049156149,-1.6842645908007,"5q33.3",1,0,0,0,0,0,0,0,1,"iPSCs/ESCs",2
"ENSG00000164694","ENSG00000164694","FNDC1","fibronectin type III domain containing 1 ","6","q25.3",4,-1.04459601703011,1.60833405959084,-1.1684397865866,"6q25.3",0,0,0,1,1,0,0,1,0,"others",3
"ENSG00000165949","ENSG00000165949","IFI27","interferon alpha inducible protein 27 ","14","q32.12",4,3.37310250167764,1.95331346798843,3.24106059781103,"14q32.12",1,0,0,1,0,0,0,1,0,"others",3
"ENSG00000166265","ENSG00000166265","CYYR1","cysteine and tyrosine rich 1 ","21","q21.3",4,1.45547838361309,1.08424044880031,1.53733085220807,"21q21.3",1,1,0,0,0,0,0,0,0,"others",2
"ENSG00000166794","ENSG00000166794","PPIB","peptidylprolyl isomerase B ","15","q22.31",4,0.821845110125467,1.12371828202095,0.357175310395005,"15q22.31",1,0,0,0,0,0,0,1,0,"others",2
"ENSG00000166796","ENSG00000166796","LDHC","lactate dehydrogenase C ","11","p15.1",4,-0.0869041574728273,2.35131491157686,0.577906003004818,"11p15.1",1,1,0,0,0,0,0,0,1,"others",3
"ENSG00000166797","ENSG00000166797","CIAO2A","cytosolic iron-sulfur assembly component 2A ","15","q22.31",4,0.817070173229795,0.19394015653874,0.837880730155117,"15q22.31",0,1,0,0,0,0,0,0,0,"brain",1
"ENSG00000166923","ENSG00000166923","GREM1","gremlin 1, DAN family BMP antagonist ","15","q13.3",4,-0.961426883519694,2.25916018916339,-1.14370610310571,"15q13.3",1,1,0,1,0,0,0,0,1,"others",4
"ENSG00000166979","ENSG00000166979","EVA1C","eva-1 homolog C ","21","q22.11",4,0.711407638080821,1.67810097366085,0.347126732722937,"21q22.11",1,1,1,1,0,0,0,0,0,"others",4
"ENSG00000167483","ENSG00000167483","FAM129C","family with sequence similarity 129 member C ","19","p13.11",4,-2.17337984961618,1.94763731750961,-1.60319245604202,"19p13.11",1,0,1,0,0,0,0,0,0,"others",2
"ENSG00000167555","ENSG00000167555","ZNF528","zinc finger protein 528 ","19","q13.41",4,0.632154908649048,3.08220296504461,0.819504158247652,"19q13.41",0,1,0,0,0,0,0,0,1,"iPSCs/ESCs",2
"ENSG00000167851","ENSG00000167851","CD300A","CD300a molecule ","17","q25.1",4,-0.889878596390354,1.17043253178102,-0.852459454944291,"17q25.1",1,1,0,0,0,0,0,0,0,"others",2
"ENSG00000168329","ENSG00000168329","CX3CR1","C-X3-C motif chemokine receptor 1 ","3","p22.2",4,0.981827714783519,0.724260827871431,1.25424163710182,"3p22.2",1,0,0,0,0,0,0,0,0,"blood",1
"ENSG00000168528","ENSG00000168528","SERINC2","serine incorporator 2 ","1","p35.2",4,0.226945213780566,1.43438712336684,0.291061991887238,"1p35.2",1,1,0,1,0,0,0,1,0,"others",4
"ENSG00000168615","ENSG00000168615","ADAM9","ADAM metallopeptidase domain 9 ","8","p11.22",4,0.786203302863312,0.744000396176442,1.08890868619836,"8p11.22",1,1,0,0,0,0,0,0,1,"others",3
"ENSG00000170340","ENSG00000170340","B3GNT2","UDP-GlcNAc:betaGal beta-1,3-N-acetylglucosaminyltransferase 2 ","2","p15",4,0.881653980424953,1.75512341335186,0.516620796206629,"2p15",0,0,1,0,1,0,0,1,1,"others",4
"ENSG00000170345","ENSG00000170345","FOS","Fos proto-oncogene, AP-1 transcription factor subunit ","14","q24.3",4,-1.06296507562638,1.42377248685152,-0.448934043923481,"14q24.3",1,1,0,0,0,0,0,0,0,"others",2
"ENSG00000170348","ENSG00000170348","TMED10","transmembrane p24 trafficking protein 10 ","14","q24.3",4,-0.122405564261827,1.54463978058573,-0.0495673418313223,"14q24.3",1,0,0,0,0,0,0,0,0,"blood",1
"ENSG00000170425","ENSG00000170425","ADORA2B","adenosine A2b receptor ","17","p12",4,0.697313734861077,1.56656314059173,0.225583420856701,"17p12",1,0,0,1,0,0,0,0,1,"others",3
"ENSG00000170624","ENSG00000170624","SGCD","sarcoglycan delta ","5","q33.2",4,0.806429800025452,0.79767300768696,0.511547527072526,"5q33.2",0,1,0,1,0,0,0,1,0,"others",3
"ENSG00000170989","ENSG00000170989","S1PR1","sphingosine-1-phosphate receptor 1 ","1","p21.2",4,0.964221110073904,0.341881164535894,0.967359747773608,"1p21.2",0,1,0,1,0,0,0,0,0,"others",2
"ENSG00000171243","ENSG00000171243","SOSTDC1","sclerostin domain containing 1 ","7","p21.1",4,3.65472159503385,1.95436671622316,3.58382930153335,"7p21.1",1,0,0,0,0,0,0,0,0,"blood",1
"ENSG00000171291","ENSG00000171291","ZNF439","zinc finger protein 439 ","19","p13.2",4,-0.640689480543424,3.7325613587043,1.13692021715909,"19p13.2",1,1,0,0,0,0,0,0,1,"others",3
"ENSG00000172531","ENSG00000172531","PPP1CA","protein phosphatase 1 catalytic subunit alpha ","11","q13.2",4,-1.17650308720578,0.470228688823582,-1.20618708676423,"11q13.2",1,1,0,0,0,0,0,0,0,"others",2
"ENSG00000173114","ENSG00000173114","LRRN3","leucine rich repeat neuronal 3 ","7","q31.1",4,-1.49487954704527,2.62620316688561,-1.98470686033235,"7q31.1",1,1,0,1,0,0,0,0,1,"others",4
"ENSG00000174938","ENSG00000174938","SEZ6L2","seizure related 6 homolog like 2 ","16","p11.2",4,-0.12726350542346,1.21276038728964,-0.125272480438797,"16p11.2",0,1,0,1,0,0,0,0,0,"others",2
"ENSG00000176293","ENSG00000176293","ZNF135","zinc finger protein 135 ","19","q13.43",4,0.18661315882688,3.77499497664969,0.90702588905274,"19q13.43",1,0,0,1,0,0,0,0,1,"iPSCs/ESCs",3
"ENSG00000176340","ENSG00000176340","COX8A","cytochrome c oxidase subunit 8A ","11","q13.1",4,-1.34033924554463,0.575105737644167,-1.35740702226535,"11q13.1",1,1,0,0,0,0,0,0,0,"others",2
"ENSG00000176623","ENSG00000176623","RMDN1","regulator of microtubule dynamics 1 ","8","q21.3",4,0.952798246339396,1.23831323198598,0.523414415523452,"8q21.3",1,1,0,0,0,0,0,0,0,"others",2
"ENSG00000176788","ENSG00000176788","BASP1","brain abundant membrane attached signal protein 1 ","5","p15.1",4,-1.0377260749649,1.00788696882274,-1.49589333986874,"5p15.1",1,1,0,1,0,0,0,0,0,"others",3
"ENSG00000176903","ENSG00000176903","PNMA1","PNMA family member 1 ","14","q24.3",4,-0.942219825054381,0.829813448812283,-0.567943799305214,"14q24.3",1,0,0,0,0,0,0,0,0,"blood",1
"ENSG00000177733","ENSG00000177733","HNRNPA0","heterogeneous nuclear ribonucleoprotein A0 ","5","q31.2",4,0.158405233701217,1.05675363840388,0.245904317351651,"5q31.2",1,1,0,0,0,0,0,1,0,"others",3
"ENSG00000178222","ENSG00000178222","RNF212","ring finger protein 212 ","4","p16.3",4,-0.720159193273103,3.14915964918198,-0.128752904656018,"4p16.3",1,1,0,0,0,0,0,0,1,"others",3
"ENSG00000178425","ENSG00000178425","NT5DC1","5'-nucleotidase domain containing 1 ","6","q22.1",4,-0.649572253946273,1.05120772336664,-0.405301694819941,"6q22.1",1,1,0,0,0,0,0,0,0,"others",2
"ENSG00000179091","ENSG00000179091","CYC1","cytochrome c1 ","8","q24.3",4,-1.03254938692733,0.338863508317681,-1.06923358832977,"8q24.3",1,1,0,0,0,0,0,0,0,"others",2
"ENSG00000179115","ENSG00000179115","FARSA","phenylalanyl-tRNA synthetase subunit alpha ","19","p13.13",4,-0.6289163280484,0.700410036717892,-0.381775658218114,"19p13.13",0,1,0,0,0,0,0,0,0,"brain",1
"ENSG00000179163","ENSG00000179163","FUCA1","alpha-L-fucosidase 1 ","1","p36.11",4,0.0685103944372027,1.39913905515242,0.380701374985225,"1p36.11",1,1,0,0,0,0,0,1,1,"others",4
"ENSG00000180370","ENSG00000180370","PAK2","p21 (RAC1) activated kinase 2 ","3","q29",4,0.0540624892575754,1.23747071297931,0.10264069788995,"3q29",1,1,0,0,0,0,0,0,0,"others",2
"ENSG00000180543","ENSG00000180543","TSPYL5","TSPY like 5 ","8","q22.1",4,-1.51599987765154,0.596341760768097,-1.41839507277209,"8q22.1",1,1,0,0,0,0,0,1,0,"others",3
"ENSG00000182087","ENSG00000182087","TMEM259","transmembrane protein 259 ","19","p13.3",4,-0.0272393345771476,1.06766650675376,-0.122547917067451,"19p13.3",1,1,0,0,0,0,0,1,0,"others",3
"ENSG00000182093","ENSG00000182093","WRB","tryptophan rich basic protein ","21","q22.2",4,-0.519869117857203,1.39043631395519,-0.58565512581928,"21q22.2",1,1,0,1,0,0,0,0,0,"others",3
"ENSG00000182568","ENSG00000182568","SATB1","SATB homeobox 1 ","3","p24.3",4,-1.43317248857061,2.01816156061702,-1.38207826380764,"3p24.3",1,0,0,0,0,0,0,0,0,"blood",1
"ENSG00000184441","ENSG00000184441","","novel transcript, antisense to C21orf2","21","q22.3",4,0.873679821588414,0.190101269023169,0.870995316730532,"21q22.3",1,0,0,1,0,0,0,0,0,"others",2
"ENSG00000184787","ENSG00000184787","UBE2G2","ubiquitin conjugating enzyme E2 G2 ","21","q22.3",4,0.720345399561764,0.366816317276478,0.892118112578887,"21q22.3",1,1,0,0,0,0,0,0,1,"others",3
"ENSG00000184809","ENSG00000184809","B3GALT5-AS1","B3GALT5 antisense RNA 1 ","21","q22.2",4,-0.107542573300823,2.13194600275181,0.46277152038356,"21q22.2",0,1,0,1,0,0,0,0,0,"others",2
"ENSG00000184979","ENSG00000184979","USP18","ubiquitin specific peptidase 18 ","22","q11.21",4,0.784668124215916,0.0859788135346278,0.784668124215916,"22q11.21",0,1,0,0,0,0,0,0,0,"brain",1
"ENSG00000185201","ENSG00000185201","IFITM2","interferon induced transmembrane protein 2 ","11","p15.5",4,-1.08762911581962,1.07835452904325,-0.85138590450957,"11p15.5",1,1,0,0,0,0,0,0,1,"others",3
"ENSG00000185274","ENSG00000185274","GALNT17","polypeptide N-acetylgalactosaminyltransferase 17 ","7","q11.22",4,-0.764602218491635,0.262167286020518,-0.858486689063897,"7q11.22",0,1,0,1,0,0,0,0,0,"others",2
"ENSG00000185624","ENSG00000185624","P4HB","prolyl 4-hydroxylase subunit beta ","17","q25.3",4,0.720812006197758,1.0162911297326,0.233910881351232,"17q25.3",1,0,0,0,0,0,0,1,0,"others",2
"ENSG00000185742","ENSG00000185742","C11orf87","chromosome 11 open reading frame 87 ","11","q22.3",4,0.00952327910210649,1.69336303619926,0.25956583687099,"11q22.3",0,1,0,0,1,0,0,0,1,"others",3
"ENSG00000186088","ENSG00000186088","GSAP","gamma-secretase activating protein ","7","q11.23",4,-1.21767619921862,0.987639318640633,-0.75509283906077,"7q11.23",1,0,0,1,0,0,0,0,0,"others",2
"ENSG00000186439","ENSG00000186439","TRDN","triadin ","6","q22.31",4,1.17690831209994,3.24019188055988,0.721732427828292,"6q22.31",1,1,0,0,0,0,0,0,1,"iPSCs/ESCs",3
"ENSG00000186687","ENSG00000186687","LYRM7","LYR motif containing 7 ","5","q23.3",4,0.637394667187497,0.515567561358337,0.878263177442096,"5q23.3",1,1,0,0,0,0,0,1,0,"others",3
"ENSG00000187091","ENSG00000187091","PLCD1","phospholipase C delta 1 ","3","p22.2",4,0.719275333671493,1.0631506865239,0.225797570453622,"3p22.2",0,1,0,0,0,0,0,0,1,"others",2
"ENSG00000187109","ENSG00000187109","NAP1L1","nucleosome assembly protein 1 like 1 ","12","q21.2",4,-1.0957222796921,0.19262525763918,-1.09754737632987,"12q21.2",1,0,1,0,0,0,0,0,0,"others",2
"ENSG00000196159","ENSG00000196159","FAT4","FAT atypical cadherin 4 ","4","q28.1",4,-1.13036752812177,1.53978161795056,-0.75952643859728,"4q28.1",0,0,0,1,0,0,0,1,1,"placenta/amnios",3
"ENSG00000196611","ENSG00000196611","MMP1","matrix metallopeptidase 1 ","11","q22.2",4,-0.0368148098543077,2.3512015669815,0.0496830531406892,"11q22.2",1,0,0,1,0,0,0,0,1,"others",3
"ENSG00000196715","ENSG00000196715","VKORC1L1","vitamin K epoxide reductase complex subunit 1 like 1 ","7","q11.21",4,-1.02595187728267,0.170763040607297,-0.958025736065342,"7q11.21",0,1,0,0,0,0,0,0,0,"brain",1
"ENSG00000196743","ENSG00000196743","GM2A","GM2 ganglioside activator ","5","q33.1",4,-0.0645716618518706,1.67053743515947,-0.283485614330965,"5q33.1",1,0,0,0,0,0,0,0,0,"blood",1
"ENSG00000196776","ENSG00000196776","CD47","CD47 molecule ","3","q13.12",4,1.14639143924431,1.47755165722064,1.68109859693371,"3q13.12",1,0,1,0,0,0,0,0,0,"others",2
"ENSG00000196839","ENSG00000196839","ADA","adenosine deaminase ","20","q13.12",4,0.022410554180843,0.90225129044642,0.126506824042759,"20q13.12",1,0,0,1,0,0,0,0,1,"others",3
"ENSG00000196961","ENSG00000196961","AP2A1","adaptor related protein complex 2 subunit alpha 1 ","19","q13.33",4,0.806630272320258,0.980753943770118,0.457758635258765,"19q13.33",1,1,0,0,0,0,0,0,1,"others",3
"ENSG00000197747","ENSG00000197747","S100A10","S100 calcium binding protein A10 ","1","q21.3",4,-0.0435917848622711,1.17977946577155,-0.174771938131021,"1q21.3",0,1,0,1,0,0,0,0,1,"others",3
"ENSG00000198336","ENSG00000198336","MYL4","myosin light chain 4 ","17","q21.32",4,-0.738505144974267,1.65941701023687,-0.555842876546492,"17q21.32",1,1,0,0,0,0,0,0,1,"others",3
"ENSG00000198467","ENSG00000198467","TPM2","tropomyosin 2 ","9","p13.3",4,0.799173347207317,0.871449964252969,0.517613461610444,"9p13.3",1,0,0,0,0,0,0,1,0,"others",2
"ENSG00000198682","ENSG00000198682","PAPSS2","3'-phosphoadenosine 5'-phosphosulfate synthase 2 ","10","q23.2",4,0.675140312564032,1.0022348918785,1.14855019413184,"10q23.2",1,1,1,0,0,0,0,0,0,"others",3
"ENSG00000198732","ENSG00000198732","SMOC1","SPARC related modular calcium binding 1 ","14","q24.2",4,-4.20522409416865,3.9664249654785,-3.90406827684955,"14q24.2",0,1,0,1,0,0,0,0,1,"others",3
"ENSG00000198812","ENSG00000198812","LRRC10","leucine rich repeat containing 10 ","12","q15",4,0.786140964141904,0.858579722793216,0.444141527226457,"12q15",0,1,0,0,0,0,0,0,0,"brain",1
"ENSG00000198825","ENSG00000198825","INPP5F","inositol polyphosphate-5-phosphatase F ","10","q26.11",4,1.55443433191559,1.3194503324805,1.23759198308765,"10q26.11",1,1,0,0,0,0,0,0,1,"iPSCs/ESCs",3
"ENSG00000198833","ENSG00000198833","UBE2J1","ubiquitin conjugating enzyme E2 J1 ","6","q15",4,0.807121414061335,1.26599068404955,0.202793025980238,"6q15",1,1,0,0,0,0,0,0,1,"others",3
"ENSG00000204010","ENSG00000204010","IFIT1B","interferon induced protein with tetratricopeptide repeats 1B ","10","q23.31",4,1.06224829086927,0.12630459816949,1.06224829086927,"10q23.31",0,1,0,0,0,0,0,0,0,"brain",1
"ENSG00000205364","ENSG00000205364","MT1M","metallothionein 1M ","16","q13",4,1.33732781162075,1.19945405250364,1.04567280097398,"16q13",0,1,0,0,0,0,0,0,1,"others",2
"ENSG00000214063","ENSG00000214063","TSPAN4","tetraspanin 4 ","11","p15.5",4,0.864893705480521,1.35833353985264,0.789020483269897,"11p15.5",1,0,0,0,0,0,0,0,0,"blood",1
"ENSG00000215424","ENSG00000215424","MCM3AP-AS1","MCM3AP antisense RNA 1 ","21","q22.3",4,0.625592617035091,0.808386012737442,0.360202127633763,"21q22.3",1,0,0,1,0,0,0,0,1,"others",3
"ENSG00000221968","ENSG00000221968","FADS3","fatty acid desaturase 3 ","11","q12.2",4,-0.0202105039498049,1.17902143070601,-0.277884206770703,"11q12.2",1,0,0,0,0,0,0,0,0,"blood",1
"ENSG00000237693","ENSG00000237693","IRGM","immunity related GTPase M ","5","q33.1",4,0.782234162567712,0.0440148282882178,0.782234162567712,"5q33.1",0,1,0,0,0,0,0,0,0,"brain",1
"ENSG00000241945","ENSG00000241945","PWP2","PWP2, small subunit processome component ","21","q22.3",4,0.875819787061468,2.14294684321159,1.86046359722739,"21q22.3",1,1,0,1,0,0,0,0,1,"others",4
"ENSG00000248874","ENSG00000248874","C5orf17","chromosome 5 open reading frame 17 (putative) ","5","p14.2",4,5.96017688143156,7.87804478383311,3.58706289819825,"5p14.2",0,0,0,1,0,0,0,0,1,"fibroblasts",2
"ENSG00000250722","ENSG00000250722","SELENOP","selenoprotein P ","5","p12",4,-0.701606853834581,2.38837343709742,-1.15967312264981,"5p12",1,0,0,0,0,0,0,1,0,"others",2
"ENSG00000267206","ENSG00000267206","LCN6","lipocalin 6 ","9","q34.3",4,1.04996680956554,0.774348390814976,1.28996038071791,"9q34.3",1,1,0,0,0,0,0,0,0,"others",2
"ENSG00000270170","ENSG00000270170","NCBP2-AS2","NCBP2 antisense RNA 2 (head to head) ","3","q29",4,-1.09851571991074,0.102213541747159,-1.13641433463596,"3q29",0,1,0,0,0,0,0,0,0,"brain",1
"ENSG00000275214","ENSG00000275214","IFI27","interferon alpha inducible protein 27 ","14","",4,2.20696257522301,3.00029989381954,2.15639253865922,"14",1,0,0,1,0,0,0,1,0,"others",3
